id,domain,status,purchase_price,renewal_price,attractiveness,demand,length,registrar,created_at,expires_at,status_verified_at
8ecb6aeb-27a0-45ca-b54b-37aa0f574d26,fierce.trading,available,21.98,27.98,high,low,6,namecheap,,,23/09/2026 01:48
ef2a6c31-6848-4ca6-b684-d9c2aed2a979,lanka.trading,available,21.98,27.98,high,low,5,namecheap,,,25/09/2026 15:46
95b7350b-59de-4483-bb8f-46b1592c0b5a,trained.trading,available,19.99,,high,low,7,name.com,,,
779a27e4-aa5f-4c0e-81e7-6a2cbb1d8c22,alkane.trading,available,21.98,27.98,medium,low,6,namecheap,,,18/09/2026 08:24
8e3622f8-0bb4-4acf-8d41-55245a8b755f,aeration.trading,available,21.98,27.98,high,low,8,namecheap,,,17/09/2026 12:46
b320cf17-9993-4bd4-9365-c430b3e2b333,libber.trading,available,19.99,19.99,medium,low,6,name.com,,,18/08/2026 01:03
e0a6b8f3-ffbd-4ba3-a6b3-fa1c91145d80,boon.trading,available,19.99,19.99,high,low,4,name.com,,,10/08/2026 19:24
a51d654e-9034-4ed3-a3fc-7ebb44c3081c,maturity.trading,available,21.98,27.98,high,low,8,namecheap,,,17/09/2026 10:27
29f92ef1-896c-42a1-a5c1-e353e0289fc7,affiliates.trading,premium,3250,3250,high,low,10,namecheap,,,21/09/2026 06:56
a40c0d79-7c88-4942-8490-5a18844f30b0,creatures.trading,available,21.98,27.98,medium,low,9,namecheap,,,27/09/2026 03:06
65afc473-98f0-4b53-967c-af99da199023,enteric.trading,available,19.99,19.99,medium,low,7,name.com,,,17/08/2026 09:53
16fe3b10-f5e1-401d-9434-c05a06890369,whalebone.trading,available,21.98,27.98,medium,low,9,namecheap,,,21/09/2026 21:50
f8b78c86-30ba-4be7-9c45-da0a459ba2e7,arapahoe.trading,available,21.98,27.98,medium,low,8,namecheap,,,20/09/2026 00:11
90577c41-e668-42d9-8e87-b929a02b1a8f,surviving.trading,available,21.98,27.98,high,low,9,namecheap,,,11/09/2026 04:49
0aceab17-1261-4877-b73d-01f7041d387e,measurably.trading,available,21.98,27.98,medium,low,10,namecheap,,,15/09/2026 13:50
3078e815-4cc2-4c57-a1dc-4219ef2bc5f3,experimentation.trading,available,17.34,17.34,medium,low,15,dynadot,,,28/09/2026 03:41
20c59ed2-a714-4041-9067-d6078071b4c1,cinderella.trading,available,19.99,,high,low,10,name.com,,,
0995a789-f81f-4bf6-90ff-466af3974d7b,albitic.trading,available,19.99,19.99,medium,low,7,name.com,,,
d797d3f6-0100-4368-ba43-b636bbff1d25,slick.trading,available,21.98,27.98,high,low,5,namecheap,,,24/09/2026 02:25
9081bc2d-6a1d-4039-a845-f29152b407d6,pacify.trading,available,19.99,19.99,high,low,6,name.com,,,18/08/2026 22:00
754f5b34-70c6-4b46-b0a8-0b0ea9ac75df,dickie.trading,available,19.99,19.99,medium,low,6,name.com,,,14/08/2026 06:30
14f8aa30-dd97-4194-b099-83f191cdf291,bionic.trading,available,19.99,19.99,high,low,6,name.com,,,10/08/2026 02:17
dfbb0f5e-89ac-4ced-8279-fc68f5479250,hundredth.trading,available,19.99,19.99,high,low,9,name.com,,,
72a75f8a-4475-4045-89b9-2c0a0938a9e4,distribute.trading,available,21.98,27.98,high,low,10,namecheap,,,28/09/2026 00:20
c784f524-c5c7-4820-b6dc-e4235ef93001,adds.trading,available,21.98,27.98,medium,low,4,namecheap,,,18/09/2026 14:32
cc305764-d276-47a1-b275-60f003c65d5e,heinz.trading,available,21.98,27.98,high,low,5,namecheap,,,25/09/2026 07:09
72ed0767-e070-46a4-b7bc-f3ee0b6c7e4f,quaintly.trading,available,21.98,27.98,medium,low,8,namecheap,,,15/09/2026 22:07
5188b0d9-465a-4093-8117-26b0c684ac9d,cards.trading,premium,1300,1300,high,low,5,namecheap,,,24/09/2026 12:49
2d4eaca9-9bfa-4984-b43d-d870df420abd,seminal.trading,available,19.99,19.99,high,low,7,name.com,,,18/08/2026 22:51
24edd04b-8579-462f-8b8d-2ff137744bf3,basra.trading,available,21.98,27.98,high,low,5,namecheap,,,22/09/2026 10:33
dd004f32-2d5b-4e21-9076-af02ed95d1ea,avaritia.trading,available,21.98,27.98,medium,low,8,namecheap,,,21/09/2026 08:46
9ff23089-10a2-417c-9ac2-9e1e74c9c68a,crows.trading,available,21.98,27.98,high,low,5,namecheap,,,20/09/2026 17:41
8129d09d-5c46-4a1b-9bcb-849a099ab422,agonising.trading,available,19.99,19.99,medium,low,9,name.com,,,
07845d81-93a8-441b-80f3-f45ead9fc40b,parody.trading,available,21.98,27.98,high,low,6,namecheap,,,23/09/2026 11:34
60034ada-cde5-4c52-85a6-afdb47403585,gingerly.trading,available,19.99,19.99,medium,low,8,name.com,,,18/08/2026 23:55
5dbe5937-601b-4837-bc95-1f648ee29230,speechless.trading,available,21.98,27.98,medium,low,10,namecheap,,,19/09/2026 16:52
71ad7b6f-86ae-4e75-a47d-f1c213115eeb,snapping.trading,available,19.99,,high,low,8,name.com,,,
acb01649-5598-4260-9dd5-2fa707635cac,goosy.trading,available,19.99,19.99,medium,low,5,name.com,,,14/08/2026 16:07
65272b04-2586-412c-ace7-426433633eed,quadrangle.trading,available,21.98,27.98,high,low,10,namecheap,,,09/09/2026 07:22
5dfe8ace-b5a6-47d9-ac42-3fa5128ac2cc,pregnancy.trading,available,16.76,16.76,high,low,9,spaceship,,,28/09/2026 02:22
66e2d4ed-288c-41c0-98dd-c118aab63205,integrity.trading,available,16.2,16.2,high,medium,9,cloudflare,,,27/09/2026 14:20
0f33af7e-7cf8-41eb-962f-03cf2f0acb06,head.trading,available,21.98,27.98,high,low,4,namecheap,,,23/09/2026 14:18
eb412d13-a0dd-49c9-b427-a0547bde6b4c,collector.trading,available,21.98,27.98,high,low,9,namecheap,,,16/09/2026 23:18
2851bec3-9309-4e21-bbe0-123b4b4e6e00,rarer.trading,available,19.99,19.99,medium,low,5,name.com,,,20/09/2026 08:12
443f9704-7d4a-4796-a128-0a7cb196b70b,ambience.trading,available,21.98,27.98,high,low,8,namecheap,,,18/09/2026 16:42
98a3abe6-6a5e-4148-8b31-65cb10abd097,arboretum.trading,available,21.98,27.98,medium,low,9,namecheap,,,20/09/2026 00:49
1893c72c-f4a7-434c-8cfd-57cdc8b59b57,peoria.trading,available,21.98,27.98,high,low,6,namecheap,,,27/09/2026 04:58
334a7eb1-2cf7-4cf3-a1ae-59a5e136bdbc,rules.trading,available,19.99,,high,low,5,name.com,,,
2fcc7a0a-250e-4191-b78e-7b90992c478c,voltaire.trading,available,21.98,27.98,high,low,8,namecheap,,,20/09/2026 08:29
6dde0657-6b74-4a26-b159-128a718a3146,deepening.trading,available,19.99,19.99,medium,low,9,name.com,,,13/08/2026 23:00
32c9fdc8-5a18-4840-85db-1e9f50f45743,twilight.trading,available,21.98,27.98,high,low,8,namecheap,,,11/09/2026 21:38
8b83c46a-32d2-4aeb-b238-ab1fd29573dc,assegai.trading,available,21.98,27.98,medium,low,7,namecheap,,,20/09/2026 15:40
353f06d3-35b2-479c-a3d3-2d7d5c20d30c,bacterial.trading,available,19.99,19.99,high,low,9,name.com,,,22/09/2026 16:00
f1e9257a-ad9e-41dd-a326-02bf7fc79288,bacitracin.trading,available,21.98,27.98,medium,low,10,namecheap,,,21/09/2026 14:25
2097913a-88c8-4329-934d-feef77205d68,diligence.trading,available,19.99,,high,low,9,name.com,,,
1cf343c8-13d0-4196-a580-224e4b13206a,argot.trading,available,21.98,27.98,medium,low,5,namecheap,,,13/09/2026 04:14
61f1726f-f3d7-4c2c-8b38-595a432a92e1,hole.trading,available,19.99,,high,low,4,name.com,,,
84a81edb-e790-484a-8aea-62c37163b6f1,selfmade.trading,available,21.98,27.98,high,low,9,namecheap,,,10/09/2026 02:03
96671011-b7f6-4c6c-bddd-8ac167870514,spoof.trading,available,21.98,27.98,high,low,5,namecheap,,,23/09/2026 11:26
67782e53-8ed9-451c-9b81-e90f796b67f8,alcaic.trading,available,21.98,27.98,medium,low,6,namecheap,,,18/09/2026 03:46
2df9d899-dca3-4a96-b413-da8f7875d4a6,royalties.trading,available,21.98,27.98,medium,low,9,namecheap,,,18/09/2026 03:27
414f16b3-8d89-4832-ba87-a5d7fc92ee3a,lacrimal.trading,available,19.99,19.99,medium,low,8,name.com,,,22/08/2026 17:57
6c5a5aaf-85dd-4359-b65d-e7918081a519,midst.trading,available,19.99,19.99,medium,low,5,name.com,,,11/09/2026 13:11
aae7ad1c-1d47-493e-9993-d63b57714e5e,stopgap.trading,available,19.99,19.99,medium,low,7,name.com,,,24/08/2026 13:27
f3e620fe-5859-4b94-9ee6-9d9407832a31,bearded.trading,available,19.99,19.99,high,low,7,name.com,,,08/08/2026 16:05
d5ecbe4f-00ea-4f48-9500-58ea394f9214,according.trading,available,19.99,19.99,high,low,9,name.com,,,
adbb43a4-d1d7-495d-9e84-61d0164d1b0b,dedicated.trading,available,19.99,19.99,high,low,9,name.com,,,23/09/2026 20:41
9fa930ad-7637-42bf-b2ea-586c26902686,savior.trading,available,21.98,27.98,high,low,6,namecheap,,,24/09/2026 14:49
619b4f78-53c5-46f5-a5cc-b912339dddaf,sporting.trading,available,19.99,19.99,high,low,8,name.com,,,09/08/2026 18:15
85a9b1d8-e61c-4b27-8613-6db4421d26c1,awheel.trading,available,19.99,19.99,medium,low,6,name.com,,,08/08/2026 01:05
4582e36c-ef80-4296-9a1d-895caf8a66fc,storing.trading,available,16.76,16.76,high,low,7,spaceship,,,28/09/2026 02:45
70944135-ed0e-4744-acc2-3abb6593066b,paternal.trading,available,19.99,19.99,high,low,8,name.com,,,
aa3d4871-379c-4b8f-b65c-fc7e2b9caa97,schnabel.trading,available,21.98,27.98,medium,low,8,namecheap,,,20/09/2026 12:04
eebef843-fe75-41fc-ba8d-b5ca56933111,vehicular.trading,available,21.98,27.98,medium,low,9,namecheap,,,13/09/2026 01:48
c6559e11-2aee-4a6a-bab7-b9eec4c9c17b,alice.trading,available,21.98,27.98,high,medium,5,namecheap,,,25/09/2026 13:23
44df6c60-28c6-4c64-81e4-2923bd961538,hits.trading,available,21.98,27.98,high,low,4,namecheap,,,19/09/2026 23:53
8935efa3-5146-4d7f-9930-a2dbb76c446b,einstein.trading,available,19.99,,high,low,8,name.com,,,
432fe97e-9b31-4662-a97d-8600a25604c3,verdun.trading,available,21.98,27.98,medium,low,6,namecheap,,,22/09/2026 16:19
8046a45e-1160-409f-8c2f-c0cef7c81962,heracles.trading,available,21.98,27.98,high,low,8,namecheap,,,18/09/2026 04:03
1c5ae030-4c82-4783-8791-52ec2e9e01f0,statewide.trading,available,21.98,27.98,high,low,9,namecheap,,,10/09/2026 19:10
6faf3d2b-20bb-4a05-adfa-33d7e4a9f743,social.trading,premium,3250,3250,high,medium,6,namecheap,,,19/09/2026 17:20
448630ec-0a5c-4617-9c93-4c6b0f60754a,pla.trading,available,21.98,27.98,high,low,3,namecheap,,,27/09/2026 18:08
d7c070ef-6780-49f2-b9c9-6aa7d1b291b5,guarneri.trading,available,21.98,27.98,medium,low,8,namecheap,,,19/09/2026 04:22
29c9a6ba-886c-432d-852d-5a03a4a45dae,detailed.trading,available,21.98,27.98,high,low,8,namecheap,,,24/09/2026 07:09
a17fa172-42f7-47b4-806e-ff8c2891e3d1,tortuous.trading,available,21.98,27.98,medium,low,8,namecheap,,,11/09/2026 18:01
b1bc136f-c507-4963-b9ac-b449d4249427,semitic.trading,available,21.98,27.98,medium,low,7,namecheap,,,10/09/2026 03:32
7e3c5114-5a56-4b38-9fad-372e77a7bff1,athanasius.trading,available,21.98,27.98,medium,low,10,namecheap,,,20/09/2026 20:26
392e7516-b2c4-4ca1-9e31-2111ead92f43,upscale.trading,available,21.98,27.98,high,low,7,namecheap,,,12/09/2026 23:19
2d61954b-1c17-4a80-9143-69f04965320a,sociably.trading,available,21.98,27.98,medium,low,8,namecheap,,,14/09/2026 22:21
e065a9c0-ba04-4dad-bce6-8525b1b5c012,astronomy.trading,available,21.98,27.98,high,low,9,namecheap,,,20/09/2026 18:10
cb5ca2f6-f97d-4199-a383-d01fdf965189,supernal.trading,available,21.98,27.98,medium,low,8,namecheap,,,11/09/2026 02:23
defbe648-578d-4709-858c-4feafc8abaf0,bassia.trading,available,21.98,27.98,medium,low,6,namecheap,,,22/09/2026 12:17
ea7f5661-b7dd-4914-9459-2664aa354e86,interred.trading,available,19.99,19.99,medium,low,8,name.com,,,11/08/2026 10:36
f291944c-f21f-412c-b3d7-847ec2c3363d,coleman.trading,available,21.98,27.98,high,low,7,namecheap,,,25/09/2026 15:48
d9034090-d613-49c0-972e-2521d359ab6f,leggy.trading,available,19.99,19.99,medium,low,5,name.com,,,22/08/2026 22:57
c6531302-fdfb-42e8-b877-8c8ee7aac860,introductory.trading,available,19.99,,high,low,12,name.com,,,
e54c03b8-55e7-44a1-8e89-c752db809f61,stiff.trading,available,19.99,19.99,medium,low,5,name.com,,,09/08/2026 16:54
46b4b9be-078b-43ee-9cd8-bb9382c1f39f,kit.trading,available,19.99,,high,low,3,name.com,,,
0b9e738f-e8f7-4aaf-9940-201bbde9b20a,amide.trading,available,21.98,27.98,high,low,5,namecheap,,,18/09/2026 21:35
bac061f1-30d5-488b-8836-605af9973982,begum.trading,available,21.98,27.98,medium,low,5,namecheap,,,23/09/2026 03:01
b588748c-a0c6-4f68-99fb-8a00d9c62fba,potbelly.trading,available,19.99,19.99,medium,low,8,name.com,,,22/09/2026 17:43
a3a80204-5777-4f2d-a635-33463aa8f13d,feather.trading,available,19.99,,high,low,7,name.com,,,
9a6993f3-4b18-47a8-abd4-16033181b86e,laborer.trading,available,19.99,,high,low,7,name.com,,,
4bc7b2b5-38a0-44e3-b1c6-28dd30893ab2,clicking.trading,available,19.99,,high,low,8,name.com,,,
8a91bb41-c09c-4252-b0e8-af0dd5dc0b27,intrepid.trading,available,21.98,27.98,high,low,8,namecheap,,,22/09/2026 12:24
b907c812-5483-42ab-a6d9-0560d6baeb6c,nullified.trading,available,19.99,19.99,medium,low,9,name.com,,,22/08/2026 08:56
44df4bef-c793-4bcb-b223-c3e96c90a72a,neurotic.trading,available,21.98,27.98,medium,low,8,namecheap,,,03/09/2026 16:23
916cd1b5-0581-432b-9975-d49a6e98d74d,autumnal.trading,available,19.99,19.99,medium,low,8,name.com,,,07/08/2026 21:23
4f2dcd7c-3e05-439e-95aa-c4f8d5299e97,babylonia.trading,available,21.98,27.98,high,low,9,namecheap,,,21/09/2026 13:51
1e7f0836-2e4c-45f9-b5fe-57b25dc7732e,alvine.trading,available,19.99,19.99,medium,low,6,name.com,,,
649cf288-6aa6-4ff4-a78e-8cf64131c364,mystically.trading,available,21.98,27.98,medium,low,10,namecheap,,,15/09/2026 15:58
f0f495e1-8601-44e7-8d8b-f86d8c55a2ce,airbrake.trading,available,21.98,27.98,medium,low,8,namecheap,,,17/09/2026 22:58
1a7bdfee-42ba-48a7-9c0b-358de3dbeaaf,kilo.trading,available,19.99,,high,low,4,name.com,,,
f7505178-16eb-4115-a718-17d38795867c,shaper.trading,available,19.99,,high,low,6,name.com,,,
281624f0-971b-4041-a69a-ca88de4ace7f,shambolic.trading,available,21.98,27.98,medium,low,9,namecheap,,,10/09/2026 05:51
1494738d-1eaa-41a0-99dd-c22695d4860d,thumbed.trading,available,21.98,27.98,medium,low,7,namecheap,,,11/09/2026 15:04
3ab952ba-768e-42eb-b263-07ff1e3eb04d,energizing.trading,available,19.99,19.99,high,low,10,name.com,,,
dc770f1d-3e24-41bd-9174-09f677e814a2,anthology.trading,available,21.98,27.98,high,low,9,namecheap,,,19/09/2026 13:28
0eda752b-4d1e-4708-9947-be60769eb017,downward.trading,available,19.99,19.99,high,low,8,name.com,,,14/08/2026 17:18
c400d597-d034-47ab-9ef8-8dfcb61d1784,peg.trading,available,16.76,16.76,high,low,3,spaceship,,,27/09/2026 15:02
4071a817-dd58-4f41-8209-de6bb0b7d3c6,aired.trading,available,19.99,19.99,high,low,5,name.com,,,
ba048fc7-c1e6-4583-9b49-279a8bd55812,authorizer.trading,available,21.98,27.98,medium,low,10,namecheap,,,21/09/2026 05:13
97532151-c7ef-45de-8ba7-6f0253815a65,goosebumps.trading,available,21.98,27.98,medium,low,10,namecheap,,,19/09/2026 00:04
61b85bcb-98f9-4426-b85b-015b91853da7,raymond.trading,available,21.98,27.98,high,low,7,namecheap,,,25/09/2026 19:12
c09352ce-aeb0-472a-9362-a5861a9665c1,gunn.trading,available,21.98,27.98,medium,low,4,namecheap,,,27/09/2026 01:35
ac36059e-7d6e-4b95-ad10-3e22150d5e85,sued.trading,available,19.99,,low,low,4,name.com,,,
8a266316-c2fa-4a55-a554-04c7d25a6334,resources.trading,available,19.99,,high,low,9,name.com,,,
d8a898e7-05d5-41e2-81a1-9982f1768afe,optimal.trading,premium,260,260,high,low,7,namecheap,,,04/09/2026 17:01
aa29c2a1-580b-4f84-8b2f-7c943b86e9a8,claxon.trading,available,21.98,27.98,medium,low,6,namecheap,,,23/09/2026 01:29
d15b4806-fa05-4466-88b9-bd31b3841acf,ladies.trading,available,21.98,27.98,high,low,6,namecheap,,,17/09/2026 00:29
3f0cce26-3b1c-4fd8-878a-877e33cb2a98,adler.trading,available,21.98,27.98,high,low,5,namecheap,,,25/09/2026 13:44
fdd0c490-edc9-4abf-9b14-d7ff6ed8c937,generated.trading,available,21.98,27.98,medium,low,9,namecheap,,,19/09/2026 12:09
7114a56d-d4e1-4dd7-a617-c53009ec215c,doubling.trading,available,19.99,,high,low,8,name.com,,,
36ac7b07-2661-4d6d-91fd-3b79e5f6e12b,braw.trading,available,19.99,19.99,medium,low,4,name.com,,,11/08/2026 02:45
afc56043-de7f-4842-9c79-dcd1dcf3e9be,murphy.trading,available,21.98,27.98,high,low,6,namecheap,,,25/09/2026 07:49
8a2095be-efd3-4e78-a66f-55137531cf19,minutes.trading,available,19.99,,high,low,7,name.com,,,
f0689a3d-442b-4ed4-a3e6-5b0e887ea2fb,steerable.trading,available,19.99,19.99,medium,low,9,name.com,,,14/08/2026 09:00
94e3c5db-f218-4c10-9ea9-5988acafd2f6,basket.trading,premium,250,,high,low,6,name.com,,,
47a67596-f973-489a-8c96-27bbcf791212,vesica.trading,available,19.99,19.99,medium,low,6,name.com,,,24/09/2026 03:27
3e8b1a1f-80a8-4839-8281-70ca3cbb711c,pulverized.trading,available,19.99,19.99,medium,low,10,name.com,,,18/08/2026 04:41
a8c1b4a9-cbab-49f4-8c9b-2a7686de0a0c,conqueror.trading,available,21.98,27.98,high,low,9,namecheap,,,24/09/2026 17:25
55c3966c-780f-4e19-920d-3329feda89b6,abyssal.trading,available,19.99,19.99,medium,low,7,name.com,,,
b20cab5c-a1b2-4677-a232-cbefa613f3a5,tasting.trading,available,19.99,,high,low,7,name.com,,,
21b06834-332d-4384-8971-9f713814e2ad,moments.trading,available,21.98,27.98,medium,low,7,namecheap,,,25/09/2026 20:25
500da5f6-df62-49a2-97e0-352e4ed9a582,kampala.trading,available,21.98,27.98,medium,low,7,namecheap,,,24/09/2026 12:28
688fbb07-dce6-4e11-ae24-3d34bc5e20a5,astragal.trading,available,21.98,27.98,medium,low,8,namecheap,,,19/09/2026 09:44
f2a463d3-130f-4f68-9751-bdcebef30b26,exalt.trading,available,19.99,19.99,high,low,5,name.com,,,
904f0873-d857-443d-9842-840894541ea0,liegeman.trading,available,19.99,19.99,medium,low,8,name.com,,,18/08/2026 03:05
0b6ea43f-2d4a-490c-9031-ad479c948f6e,nibbed.trading,available,21.98,27.98,low,low,6,namecheap,,,03/09/2026 16:57
930486da-8fe4-46e0-af58-f37bdd6c111a,fetal.trading,available,19.99,19.99,medium,low,5,name.com,,,18/08/2026 02:16
9be40485-bb45-48db-8bf1-8c84807f8fb8,theatre.trading,available,21.98,27.98,high,low,7,namecheap,,,24/09/2026 23:54
ed7d3fa9-c916-4f33-861e-39310398a857,walk.trading,available,21.98,27.98,high,low,4,namecheap,,,27/09/2026 02:47
db76eff6-e213-4cc7-b998-f645c0ddd4fd,cretin.trading,available,19.99,19.99,medium,low,6,name.com,,,21/08/2026 20:26
f14a1bcb-6c61-41a9-bbd9-29cedf10a5a6,beau.trading,available,19.99,19.99,high,low,4,name.com,,,13/08/2026 17:13
c41b6771-a197-451a-b8c1-a496036f4da7,smarmy.trading,available,19.99,19.99,medium,low,6,name.com,,,11/08/2026 11:46
b5b858c0-984a-4621-8799-378c8d6ffb6c,porous.trading,available,19.99,19.99,medium,low,6,name.com,,,21/08/2026 10:25
072c5446-38aa-4a10-a20e-2c4879a54166,paniculate.trading,available,21.98,27.98,medium,low,10,namecheap,,,05/09/2026 01:01
a72a1ce9-4b15-407f-accc-2d4dfb14bb44,canned.trading,available,19.99,19.99,high,low,6,name.com,,,11/08/2026 17:10
794eb30d-5500-4cbb-b151-6716d20e9f80,swot.trading,available,19.99,19.99,medium,low,4,name.com,,,10/08/2026 18:21
9c9e549e-4e1e-41f7-9c73-ac00b05b0014,penalties.trading,available,19.99,,high,low,9,name.com,,,
6b445e3b-3952-466c-b808-8c75084cde7c,potatoes.trading,available,21.98,27.98,medium,low,8,namecheap,,,27/09/2026 02:12
b93fbbb5-694d-4825-86f6-2328fcce5927,frayed.trading,available,19.99,19.99,medium,low,6,name.com,,,18/08/2026 14:25
619aee34-ffd5-42d2-b7aa-cdc76f76358f,dartmouth.trading,available,21.98,27.98,medium,low,9,namecheap,,,25/09/2026 04:45
f82b538e-dd46-4459-ab08-447d43ce872a,ashy.trading,available,19.99,19.99,medium,low,4,name.com,,,07/08/2026 02:04
9acc3040-a4c1-4f87-9785-e219da699b38,berbers.trading,available,21.98,27.98,medium,low,7,namecheap,,,19/09/2026 23:24
c438c7db-3c87-479f-be1e-e83b64a9dedb,arbitrator.trading,available,21.98,27.98,medium,low,10,namecheap,,,20/09/2026 00:44
4bed60cd-f51b-4f00-98fc-c6f246882f17,network.trading,resell,,,high,medium,7,Dynadot Inc,01/08/2026 17:00,01/08/2027 17:00,27/09/2026 01:58
a19aec04-1a76-4a45-8d64-12dd887d77a8,farms.trading,available,21.98,27.98,medium,low,5,namecheap,,,19/09/2026 00:44
ea89ac33-6373-4e0a-8ca9-38b2d610f10b,fluffy.trading,available,19.99,19.99,high,low,6,name.com,,,14/08/2026 17:46
102d03d6-ad2b-4049-959d-927952873f21,beige.trading,available,19.99,19.99,medium,low,5,name.com,,,09/08/2026 12:22
1c2dcb63-cb4c-41cf-bc18-9e972c7ee6d3,ninth.trading,available,19.99,19.99,high,low,5,name.com,,,
3e2dd83a-f505-425c-bcc4-a68f1a17a112,attlee.trading,available,21.98,27.98,medium,low,6,namecheap,,,16/09/2026 12:16
d92f50e9-eec8-4f33-b751-87f88fac97e3,limit.trading,available,19.99,,high,low,5,name.com,,,
ca05db3e-0e4a-4ffe-92de-225a1168c21b,bounteous.trading,available,19.99,19.99,high,low,9,name.com,,,09/08/2026 20:50
63d9ee59-890f-45bc-9dbd-e3700540101f,vitalizer.trading,available,21.98,27.98,medium,low,9,namecheap,,,19/09/2026 09:10
7af14ae6-da34-4dad-a51f-0cd94af43075,annotated.trading,available,19.99,,high,low,9,name.com,,,
3044b8f1-6bb2-49e2-8449-2daad8316ab6,newsletters.trading,available,21.98,27.98,medium,low,11,namecheap,,,20/09/2026 15:17
e3bf1136-dc3f-4281-add6-7d62736f399c,wastes.trading,available,21.98,27.98,medium,low,6,namecheap,,,17/09/2026 07:45
6393d510-3c07-4d71-be1e-5c0edc8d22d4,michel.trading,available,21.98,27.98,high,low,6,namecheap,,,25/09/2026 12:46
4086f132-b52d-4064-b1f2-86bfcee04f26,ribbed.trading,available,19.99,19.99,medium,low,6,name.com,,,13/08/2026 03:08
98c41dab-1eaf-43b1-8bb3-7f962e494bba,measles.trading,available,19.99,,medium,low,7,name.com,,,
2d5ddbad-bdac-4266-98d0-b800f283572d,curiosity.trading,available,19.99,,high,low,9,name.com,,,
d58ea198-f4a1-4631-b61d-fa2c3c6d095f,pettifog.trading,available,21.98,27.98,medium,low,8,namecheap,,,23/09/2026 13:20
8dfd7e1f-9133-41b1-be71-01374a931342,calamus.trading,available,21.98,27.98,medium,low,7,namecheap,,,17/09/2026 02:27
09cebc85-ad52-4833-9221-e8cbba1b8097,floater.trading,available,21.98,27.98,medium,low,7,namecheap,,,13/09/2026 00:52
891d0560-a220-435b-826d-fe13d0ce6ad1,takeaways.trading,available,21.98,27.98,medium,low,9,namecheap,,,18/09/2026 05:02
d069c13d-fc05-4dee-a892-376aa00811a6,reaching.trading,available,21.98,27.98,high,low,8,namecheap,,,20/09/2026 09:16
d1f107e8-82a1-4d06-8dbb-a9fd765a87cd,deprived.trading,available,19.99,19.99,medium,low,8,name.com,,,14/08/2026 02:45
d27e8143-b7a3-4247-aec1-0816ee780921,doughnut.trading,available,19.99,,high,low,8,name.com,,,
16c6836a-4af4-4b7a-a185-66d9155a41b2,universities.trading,available,21.98,27.98,medium,low,12,namecheap,,,23/09/2026 19:40
0ce06818-d05a-499f-ae2d-fe628940d7df,sunless.trading,available,19.99,19.99,medium,low,7,name.com,,,12/08/2026 12:31
7d096d1c-30c7-4d4c-99da-0bf59eb10619,aloes.trading,available,21.98,27.98,medium,low,5,namecheap,,,18/09/2026 13:07
600d96da-2e56-4832-b39e-488ae4dac1eb,subtropic.trading,available,21.98,27.98,medium,low,9,namecheap,,,10/09/2026 03:34
63c3595b-8c8d-45da-bffe-9458d666bd47,farthest.trading,available,21.98,27.98,medium,low,8,namecheap,,,24/09/2026 17:05
c8d20495-1034-4a26-94f7-9b0b704136c6,assonance.trading,available,21.98,27.98,medium,low,9,namecheap,,,20/09/2026 16:32
e0d2a784-4aa5-4458-8191-faf764df7254,bar.trading,available,19.99,,high,low,3,name.com,,,
4ac3411e-d0f3-4677-892d-6f2cbd342c04,cosigner.trading,available,19.99,19.99,medium,low,8,name.com,,,13/08/2026 02:49
8abdaba6-ebb6-43a4-9a7f-d7a16a649192,autograph.trading,available,21.98,27.98,high,low,9,namecheap,,,21/09/2026 06:37
fd67e429-33b5-4098-9c30-3d42e45e72d6,syllabic.trading,available,21.98,27.98,high,low,8,namecheap,,,11/09/2026 05:58
9e0c84b4-5291-43cd-bc77-0973511d0c3d,expression.trading,available,19.99,,high,low,10,name.com,,,
9ede812e-1d4b-4770-a1c6-26dc8a042312,eloquent.trading,available,19.99,19.99,high,low,8,name.com,,,16/08/2026 06:14
5cfd2336-18e1-4896-92f7-7ec7c295bce8,together.trading,available,19.99,,high,medium,8,name.com,,,
33ec5052-462e-439e-ae22-78040008ceef,examine.trading,available,19.99,,high,low,7,name.com,,,
3eee035b-2b62-4d88-b60e-791dc0bf9113,backbiter.trading,available,21.98,27.98,medium,low,9,namecheap,,,21/09/2026 15:08
5a62c635-7e40-4208-a261-ad00c6b46dfb,danseuse.trading,available,21.98,27.98,medium,low,8,namecheap,,,21/09/2026 22:50
0b05858f-4ccb-49c9-87f1-d420a59bdd8e,madison.trading,available,21.98,27.98,high,low,7,namecheap,,,08/09/2026 13:09
5cc59a1f-06c4-4948-83f4-84bf7a830b94,masoud.trading,available,21.98,27.98,medium,low,6,namecheap,,,17/09/2026 20:25
18be8110-2a65-44c1-963f-93fe7b0b8665,lie.trading,available,19.99,,high,low,3,name.com,,,
35a7f80d-d5c3-4d3c-99b9-e92f701c420c,jilted.trading,available,19.99,19.99,medium,low,6,name.com,,,22/08/2026 13:23
2eb40acb-aaaa-4508-92d3-b0075da397ff,areal.trading,available,19.99,19.99,medium,low,5,name.com,,,06/08/2026 17:21
cf0e25d1-4b9f-48bd-b9a0-5d5c0c9982f2,awed.trading,available,19.99,19.99,medium,low,4,name.com,,,08/08/2026 00:44
1424ebb7-a0b4-418e-9daa-7a1e6b3968f5,quivering.trading,available,21.98,27.98,medium,low,9,namecheap,,,11/09/2026 19:15
47550892-c1e3-4ddd-9dcd-ee63f34545d4,pout.trading,available,21.98,27.98,medium,low,4,namecheap,,,18/09/2026 18:12
63bb24ec-0f4f-4cc3-8f28-f4eafb332548,switched.trading,available,21.98,27.98,medium,low,8,namecheap,,,27/09/2026 09:43
93ab07ca-519b-48f1-bb28-d08802744b81,lowland.trading,available,19.99,19.99,high,low,7,name.com,,,24/08/2026 10:48
e1f602e4-1197-4606-9b5b-f667e557a8c0,meager.trading,available,19.99,19.99,medium,low,6,name.com,,,24/08/2026 18:02
3a669adc-8f9d-46ac-a570-9caf46f35d8c,city.trading,premium,1250,,high,medium,4,name.com,,,
50d0a07f-6585-4f8f-9b65-088d91eeb1d3,amaryllis.trading,available,21.98,27.98,high,low,9,namecheap,,,18/09/2026 15:59
f2a99ab1-bbf6-4570-8345-79665a560bdb,blowy.trading,available,19.99,19.99,medium,low,5,name.com,,,10/08/2026 15:47
58730117-d8ce-47f7-843c-dfcd3f281bcf,motorcoach.trading,available,19.99,19.99,medium,low,10,name.com,,,21/09/2026 06:31
d9febb0e-2cb4-41af-b08e-ac32e19825c4,amygdala.trading,available,21.98,27.98,high,low,8,namecheap,,,19/09/2026 00:23
9df4ef73-506b-43ef-a42c-9025912ec477,billhook.trading,available,21.98,27.98,medium,low,8,namecheap,,,23/09/2026 16:21
6ccc3914-d2eb-4163-a488-f1223c8626e2,wall.trading,premium,520,520,high,low,4,namecheap,,,23/09/2026 16:20
5b558851-f25c-42b6-9b15-36ef27ffeeda,antenna.trading,available,19.99,,high,low,7,name.com,,,
7d17c401-bfa3-4fb8-886d-52dd84102d38,alkyl.trading,available,21.98,27.98,medium,low,5,namecheap,,,18/09/2026 08:34
eb6aeda2-c652-4e3f-b68c-5ca3837b9fa1,khomeini.trading,available,21.98,27.98,medium,low,8,namecheap,,,21/09/2026 10:36
bb0abd50-af37-486f-a8f4-826d52f91002,annex.trading,available,19.99,,high,low,5,name.com,,,
08111fb4-11d9-42ef-a102-7734f02f5dfc,adjustor.trading,available,21.98,27.98,medium,low,8,namecheap,,,17/09/2026 08:34
22b9e124-44f1-4557-80c6-585b35109451,jovially.trading,available,21.98,27.98,medium,low,8,namecheap,,,15/09/2026 09:51
53b49748-fd8a-4508-b83e-efb72c83f348,remained.trading,available,21.98,27.98,medium,low,8,namecheap,,,18/09/2026 11:23
4b0f2009-37d9-4e69-8346-40d4d2fef337,bessie.trading,available,21.98,27.98,medium,low,6,namecheap,,,28/09/2026 03:55
3dff62b9-7821-4057-a56a-2fefd1f42a5a,starved.trading,available,19.99,19.99,medium,low,7,name.com,,,17/08/2026 13:45
3c0e52a1-3aea-4eb4-897f-3c22ef1439cc,berit.trading,available,21.98,27.98,high,low,5,namecheap,,,23/09/2026 09:27
e1d2baea-fde2-40c8-a3de-36711c2c695d,germicidal.trading,available,19.99,19.99,medium,low,10,name.com,,,08/08/2026 07:07
70a9642c-7f4d-4d4e-a0f2-25353947d519,farsighted.trading,available,19.99,19.99,high,low,10,name.com,,,17/08/2026 22:41
e95e5639-0e7c-4188-bce7-7e65240e146f,baleful.trading,available,19.99,19.99,medium,low,7,name.com,,,08/08/2026 09:39
7d447531-2980-4969-8aa9-711a0e3b18eb,pally.trading,available,19.99,19.99,high,low,5,name.com,,,12/08/2026 07:42
b110c4c9-ea1a-4047-8937-3e3d0c8f310b,heroic.trading,available,21.98,27.98,high,low,6,namecheap,,,24/09/2026 14:31
ea41e21b-c189-45d2-95a8-22673f42a382,crecy.trading,available,21.98,27.98,medium,low,5,namecheap,,,22/09/2026 15:02
105bfc39-02c3-4699-8cd8-dca1327579df,proximate.trading,available,21.98,27.98,high,low,9,namecheap,,,09/09/2026 04:46
fe7dc252-8383-4503-ac34-f2a6dd03ad22,esophageal.trading,available,19.99,19.99,medium,low,10,name.com,,,17/08/2026 13:16
bfa90b1a-132e-42dc-935e-a9761edd800c,bison.trading,available,21.98,27.98,high,low,5,namecheap,,,23/09/2026 22:04
1e443f8a-4e71-4b1c-95ab-25c600124d9f,denis.trading,available,21.98,27.98,high,low,5,namecheap,,,25/09/2026 15:03
c8880058-225e-4cc7-aabb-24d9be251fc0,precious.trading,available,19.99,19.99,high,low,8,name.com,,,12/08/2026 04:19
46611f52-af54-45c5-b91d-6b0014350cb8,roof.trading,available,19.99,,high,low,4,name.com,,,
87bdffb1-81b5-45ec-b98e-6d51dd7ef789,mancunian.trading,available,19.99,19.99,medium,low,9,name.com,,,24/08/2026 14:36
cfb07971-1d7e-4ff3-9ab2-772ad077a865,unprovoked.trading,available,19.99,19.99,medium,low,10,name.com,,,25/08/2026 07:52
305655f7-33e3-4a69-8aed-6e3d004bfcf9,royally.trading,available,21.98,27.98,medium,low,7,namecheap,,,15/09/2026 12:01
c6f5686e-d876-4095-ac6e-ea59811ee66d,intrastate.trading,available,19.99,19.99,high,low,10,name.com,,,22/08/2026 08:45
496c18db-6c15-4876-a1ff-7d96ccd59f42,duracell.trading,available,19.99,,high,low,8,name.com,,,
689ec7ad-e48a-4796-b763-91f6182606e7,clinquant.trading,available,19.99,19.99,medium,low,9,name.com,,,12/08/2026 11:08
51db54c7-813e-4d98-bd88-6fc0333b2073,redhead.trading,available,21.98,27.98,high,low,7,namecheap,,,21/09/2026 10:48
a1f0864e-01ae-48f3-8129-c6609778d18e,skillfully.trading,available,21.98,27.98,medium,low,10,namecheap,,,16/09/2026 02:07
7e7f0f8f-ec6e-487c-a9fe-db0f0c706313,paroxysmal.trading,available,21.98,27.98,medium,low,10,namecheap,,,08/09/2026 01:54
a40ef341-738d-416a-bc25-d39f9d26c73e,politicians.trading,available,21.98,27.98,medium,low,11,namecheap,,,19/09/2026 23:03
ec392c29-3d13-4cab-b253-6fe167f3eea8,atrial.trading,available,19.99,19.99,low,low,6,name.com,,,07/08/2026 14:24
cbb34309-0755-426d-b0d6-f42435392a51,esthesia.trading,available,21.98,27.98,medium,low,8,namecheap,,,17/09/2026 13:25
e0ff127b-92f9-43a3-be9d-8b5b3c7ef877,afflatus.trading,available,21.98,27.98,medium,low,8,namecheap,,,17/09/2026 14:39
7f49f402-80f1-4b16-b614-c8adcb5462dd,antiquary.trading,available,19.99,19.99,medium,low,9,name.com,,,
c8ebffe4-9a7e-4b90-83d8-8b6f1154f2d4,grayer.trading,available,21.98,27.98,medium,low,6,namecheap,,,21/09/2026 02:20
a4c3390f-7135-405d-b7f1-38df9c8ca7d5,slimly.trading,available,21.98,27.98,medium,low,6,namecheap,,,16/09/2026 02:34
6cf10387-ec8b-4289-86e6-0e80c7d61edc,sticky.trading,available,19.99,19.99,high,low,6,name.com,,,16/08/2026 07:55
c01cc7d2-21c6-4459-a33f-5f0c1ef63af3,bravely.trading,available,21.98,27.98,high,low,7,namecheap,,,14/09/2026 01:22
87df35db-6fc0-45e0-a5f0-18684dca29df,vocational.trading,available,21.98,27.98,high,low,10,namecheap,,,13/09/2026 06:29
7b678ed6-086b-40d5-8c60-be0f5ef6bf99,cob.trading,available,21.98,27.98,high,low,3,namecheap,,,23/09/2026 23:42
f9e00e83-420b-4c06-b9cb-c5506af0131c,betelgeuse.trading,available,21.98,27.98,medium,low,10,namecheap,,,18/09/2026 13:39
a2e59ffa-0639-4f9e-b665-b2d221283a72,theorise.trading,available,21.98,27.98,medium,low,8,namecheap,,,24/09/2026 17:20
f1583800-a6c5-4b26-9701-5d6855f02f88,amnesic.trading,available,19.99,19.99,medium,low,7,name.com,,,
a7da0089-9fb7-4870-97dd-7fdf58141282,luxurious.trading,available,19.99,19.99,high,low,9,name.com,,,14/08/2026 00:57
41bd48f1-b653-4f2b-92c1-2d51cfdf4fd4,absorber.trading,available,21.98,27.98,high,low,8,namecheap,,,16/09/2026 18:17
2490707d-aec2-4b66-b9a6-11a128db911b,unbound.trading,available,21.98,27.98,high,low,7,namecheap,,,12/09/2026 02:25
6def301d-3acd-462d-9143-2199fc610b3b,leaky.trading,available,19.99,19.99,medium,low,5,name.com,,,22/08/2026 22:01
e71dad2a-e69c-4cdc-882f-adb2303bf621,compared.trading,available,21.98,27.98,medium,low,8,namecheap,,,27/09/2026 09:01
091aada7-a5e7-42a8-ba7e-b68557567620,signal.trading,premium,1100,1100,high,medium,6,dynadot,,,27/09/2026 22:11
dcd70368-cfc9-4307-9bbe-422e4a6e6b36,shane.trading,available,21.98,27.98,high,low,5,namecheap,,,26/09/2026 03:35
de26e292-8cf1-4a06-ba1c-944e748d8a50,puddings.trading,available,19.99,19.99,medium,low,8,name.com,,,19/09/2026 22:22
476fbfce-b25b-48df-b817-cb585688c284,unattached.trading,available,19.99,19.99,medium,low,10,name.com,,,18/08/2026 14:48
6517a1e5-7bc0-4e11-b9b6-c98c20291af8,announcer.trading,available,21.98,27.98,high,low,9,namecheap,,,19/09/2026 10:49
37c97251-f3a5-447f-8ab3-537c293f0ed7,flattering.trading,available,19.99,19.99,high,low,10,name.com,,,18/08/2026 06:57
0f10a823-8fbe-41e9-bf42-fe31ac60e165,northampton.trading,available,21.98,27.98,medium,low,11,namecheap,,,25/09/2026 14:57
13a04912-6834-4ae1-880b-844a72c4a13f,applejack.trading,available,21.98,27.98,medium,low,9,namecheap,,,19/09/2026 21:35
cb21db52-cd9b-4f3e-92dc-ee759cfc1d41,iatrogenic.trading,available,19.99,19.99,medium,low,10,name.com,,,21/08/2026 17:30
6f53a2b6-481b-4d2c-b9d2-9b67822332d2,humanly.trading,available,21.98,27.98,high,low,7,namecheap,,,15/09/2026 01:20
4f4acda6-fe74-4b3d-8d94-508ba80cf4dd,anaclitic.trading,available,19.99,19.99,medium,low,9,name.com,,,
8576ee21-e4e6-4ecd-8355-85136223270c,collinear.trading,available,19.99,19.99,medium,low,9,name.com,,,12/08/2026 17:10
57553441-2188-4c06-9e42-612734d4e82f,cantala.trading,available,21.98,27.98,medium,low,7,namecheap,,,17/09/2026 16:42
4396adf2-b8a8-4424-95e2-33acdbeeac3b,present.trading,available,21.98,27.98,high,low,7,namecheap,,,25/09/2026 04:02
883e7f33-3e1a-49ec-97cc-75fb2051fb50,bast.trading,available,21.98,27.98,medium,low,4,namecheap,,,22/09/2026 12:38
962c05b5-9641-4fa8-aa0c-79a874f614d0,balcony.trading,available,21.98,27.98,high,low,7,namecheap,,,21/09/2026 21:28
58704d82-8e7e-4223-9bea-5551142fbb24,caucasian.trading,available,19.99,19.99,high,low,9,name.com,,,11/08/2026 22:16
0defd58c-f52d-4d1e-8712-29076e293694,unclean.trading,available,19.99,19.99,medium,low,7,name.com,,,14/08/2026 09:12
c45a250b-b2ce-4c6b-9691-70942574515f,rapacity.trading,available,21.98,27.98,medium,low,8,namecheap,,,21/09/2026 08:45
a33bf3f0-3472-4034-9822-30cef1784649,fame.trading,available,19.99,,high,low,4,name.com,,,
28941720-698d-4fc4-8c3d-8ee3dc58cfbb,neighborly.trading,available,21.98,27.98,high,low,10,namecheap,,,03/09/2026 15:16
42f65f88-adc3-4abb-aa6f-f8a5a8adc014,precisely.trading,available,21.98,27.98,high,low,9,namecheap,,,04/09/2026 14:15
4ea35197-1ee9-43cd-86a2-d719ecea4b2b,alnus.trading,available,21.98,27.98,medium,low,5,namecheap,,,18/09/2026 12:53
8615feb3-eaa3-494f-9f74-2408b22df175,dispersive.trading,available,19.99,19.99,medium,low,10,name.com,,,14/08/2026 07:12
f5d85a03-b727-425d-be64-f2397bf1d559,impossibly.trading,available,21.98,27.98,medium,low,10,namecheap,,,15/09/2026 04:27
f908cbf1-fcad-4051-b496-ae26824a50df,oreo.trading,available,19.99,,high,low,4,name.com,,,
b1f82b5e-61da-4265-9d5d-54e89ff97275,badmouth.trading,available,19.99,19.99,medium,low,8,name.com,,,24/08/2026 14:04
f366cfb7-3ab8-4881-83db-71f7e300e70e,divorcing.trading,available,21.98,27.98,low,low,9,namecheap,,,17/09/2026 22:37
2efa4096-d138-4b69-aa04-fca5e37a6f96,gladiolus.trading,available,19.99,19.99,high,low,9,name.com,,,19/08/2026 00:06
7e2a421d-fdae-4eda-9498-9b768e4ed631,quarter.trading,available,16.76,16.76,high,low,7,spaceship,,,28/09/2026 00:50
a463edc1-dd55-44d7-815e-acdf19d377dd,limpkin.trading,available,21.98,27.98,medium,low,7,namecheap,,,19/09/2026 23:59
1d6f07ce-b625-4f0a-b4c4-e8488e307992,abaft.trading,available,19.99,19.99,low,low,5,name.com,,,
b6bd14a2-887e-4797-9f44-a21dce1d90af,imperial.trading,available,19.99,19.99,high,low,8,name.com,,,21/08/2026 22:11
af9a0ed8-1b31-46aa-93ef-4e74c96d6524,dismissed.trading,available,21.98,27.98,medium,low,9,namecheap,,,24/09/2026 11:01
9b04520d-b512-4362-bb78-fbff9abc28aa,chekov.trading,available,21.98,27.98,medium,low,6,namecheap,,,19/09/2026 15:28
4e2f1f67-cf69-457a-ae58-b7450d0c029c,lunatic.trading,available,19.99,19.99,medium,low,7,name.com,,,13/08/2026 17:47
74ac3b12-ab52-419a-a52f-1ca7ca261752,companion.trading,available,21.98,27.98,high,low,9,namecheap,,,24/09/2026 16:40
95e0e5b6-0ff1-4303-8ed6-aeda2f977907,jerome.trading,available,21.98,27.98,medium,low,6,namecheap,,,25/09/2026 05:46
a3fd59da-0888-4a26-a242-20e280d8fec7,leal.trading,available,19.99,19.99,medium,low,4,name.com,,,22/08/2026 22:03
6672f5d1-c0df-4490-9ecf-6063f0f0cfaa,inflected.trading,available,19.99,19.99,medium,low,9,name.com,,,22/08/2026 04:31
ba4ecec2-adf7-48eb-916e-6d394c6491d0,airmailer.trading,available,21.98,27.98,medium,low,9,namecheap,,,17/09/2026 23:15
f887b9c0-9032-475e-a1ef-02d38f366ea4,unlikely.trading,available,19.99,19.99,high,low,8,name.com,,,21/08/2026 23:08
c4199572-579c-422d-94b5-5be6633afcec,hurry.trading,available,16.76,16.76,high,low,5,spaceship,,,27/09/2026 17:14
6f3b6ff9-5553-41eb-a918-2409c63d6358,pita.trading,available,19.99,,high,low,4,name.com,,,
2db6991a-75fe-4bed-96b2-36e8d176d864,worldwide.trading,premium,250,250,high,medium,9,name.com,,,20/08/2026 14:35
b44bcb53-cf16-467d-8325-765d4714dc54,available.trading,available,21.98,27.98,high,low,9,namecheap,,,22/09/2026 14:22
cf92dff1-e9a5-492e-802a-b5a91eb97eae,unanswered.trading,available,21.98,27.98,medium,low,10,namecheap,,,12/09/2026 00:43
92241374-cb61-452e-af67-07db7ea42fe1,bless.trading,available,19.99,,high,low,5,name.com,,,
8f5f1579-762f-498b-a460-ece0543e863d,women.trading,available,19.99,,high,low,5,name.com,,,
9a2eaa6f-f64f-43e8-9916-86acbb3d4423,groping.trading,available,19.99,19.99,medium,low,7,name.com,,,20/08/2026 20:18
b613c81a-7f49-4c15-8ee7-7366b4983969,aligning.trading,available,19.99,19.99,medium,low,8,name.com,,,
ffe93342-275a-48ec-aa32-7ca4fe9bb24b,swelled.trading,available,21.98,27.98,medium,low,7,namecheap,,,11/09/2026 05:38
d8b5ec55-a3c7-4e11-8290-46e9861f7ec9,afterwards.trading,available,19.99,19.99,medium,low,10,name.com,,,
8636e888-7041-44ed-827e-dab46a3249f0,alula.trading,available,21.98,27.98,high,low,5,namecheap,,,18/09/2026 15:04
0109cfe3-522f-4494-8e78-fbb221b42da6,berzelius.trading,available,21.98,27.98,medium,low,9,namecheap,,,23/09/2026 10:24
d4c04be9-68da-4967-ad7b-858bdaaafee0,readably.trading,available,21.98,27.98,medium,low,8,namecheap,,,14/09/2026 11:08
88281fcb-404a-47e3-af5c-8bda27cc1e79,wharton.trading,available,21.98,27.98,high,low,7,namecheap,,,25/09/2026 22:32
64918cfb-b10c-40d4-889b-f92228425bd3,abvolt.trading,available,21.98,27.98,medium,low,6,namecheap,,,16/09/2026 19:39
1781320f-849a-4f37-adc1-6361b8b6ec74,bandy.trading,available,19.99,19.99,high,low,5,name.com,,,08/08/2026 11:45
4a7b3ce3-c0ab-49ee-bd8f-9e270d605029,vermicular.trading,available,21.98,27.98,medium,low,10,namecheap,,,13/09/2026 02:27
c6fc3b79-2e2d-404f-8fa1-bf578bab338a,observations.trading,available,21.98,27.98,medium,low,12,namecheap,,,17/09/2026 08:04
7194e2fd-9d9b-4851-a37d-6e8cbbfee7f2,elaine.trading,available,21.98,27.98,high,low,6,namecheap,,,25/09/2026 15:24
0e43798c-73b8-4d54-a455-3a2407a237e4,cordiality.trading,available,21.98,27.98,high,low,10,namecheap,,,18/09/2026 21:58
8fd5686b-1a33-435f-875a-eac306a5f87f,hua.trading,available,21.98,27.98,high,low,3,namecheap,,,18/09/2026 01:18
69225df2-4dd3-4000-a27b-20679727edf4,commercial.trading,premium,85.8,85.8,high,low,10,namecheap,,,27/09/2026 02:31
154f9bd8-cd6a-4ada-b7ce-33ac7b8f69a3,balanus.trading,available,21.98,27.98,medium,low,7,namecheap,,,21/09/2026 21:03
adcad4a5-213c-4d33-8f92-5cd7d40d525b,tiro.trading,available,21.98,27.98,medium,low,4,namecheap,,,23/09/2026 02:28
da2e3c4d-cea1-4770-bf6d-7143d993cf0e,creaseless.trading,available,19.99,19.99,medium,low,10,name.com,,,13/08/2026 05:47
ae860552-09f5-40ad-b198-c751225cc417,fecund.trading,available,19.99,19.99,medium,low,6,name.com,,,18/08/2026 00:34
b68cc5f5-e4d5-4dd1-a455-d317d98e74b5,donald.trading,available,21.98,27.98,high,low,6,namecheap,,,25/09/2026 18:48
f7f0a920-064b-4575-bb53-5bb98114ab22,xxxii.trading,available,19.99,19.99,medium,low,5,name.com,,,
bf3f3fe4-8c02-4c17-bc0b-31e1b7f56452,accentuate.trading,available,21.98,27.98,high,low,10,namecheap,,,16/09/2026 21:56
ca396664-aef7-4067-8208-8023298ad334,finding.trading,available,19.99,19.99,high,low,7,name.com,,,19/09/2026 14:57
14d9ee2a-94e2-46ed-beb9-c95e5495a219,alsatian.trading,available,19.99,19.99,medium,low,8,name.com,,,
26c0801a-4522-4fb4-98e2-67b0814dc0c9,audit.trading,available,21.98,27.98,high,low,5,namecheap,,,21/09/2026 03:05
b0d7d863-4f70-413f-abae-5d7353353cec,unguarded.trading,available,21.98,27.98,medium,low,9,namecheap,,,12/09/2026 11:39
3bd8a615-9061-47a6-a027-72085c356ce3,greedy.trading,available,19.99,19.99,high,low,6,name.com,,,07/08/2026 22:09
f15e6da5-b607-4415-8d27-9943ecbbd7de,somewhat.trading,available,21.98,27.98,high,low,8,namecheap,,,25/09/2026 12:06
210dc5ce-809a-4557-be49-cdddb3be2eff,insofar.trading,available,21.98,27.98,medium,low,7,namecheap,,,15/09/2026 06:43
9a6cc66b-1f96-4243-a396-fa73b6a70109,recidivist.trading,available,21.98,27.98,medium,low,10,namecheap,,,21/09/2026 15:57
f71d2592-81a3-417e-b16f-7e60b00aff83,unadjusted.trading,available,21.98,27.98,medium,low,10,namecheap,,,11/09/2026 23:52
332c05fa-4fed-49e8-8202-a98e9ad8300c,aberdonian.trading,available,19.99,19.99,medium,low,10,name.com,,,
d9dc5f73-ea2a-41e6-aaee-c60336f2adfd,temporal.trading,available,21.98,27.98,high,low,8,namecheap,,,11/09/2026 11:00
601146bd-afda-4624-9479-beb1d441f84d,tartaric.trading,available,21.98,27.98,medium,low,8,namecheap,,,11/09/2026 08:48
3d41ef89-4136-4c14-b6aa-b9f025c09258,frore.trading,available,19.99,19.99,low,low,5,name.com,,,18/08/2026 16:21
cc6cbe8f-197e-4ef7-9f7c-f7b9c407e6df,alienor.trading,available,21.98,27.98,medium,low,7,namecheap,,,18/09/2026 07:41
27a87865-2320-49a1-98a0-b353b9a9e2b8,frigid.trading,available,19.99,19.99,medium,low,6,name.com,,,18/08/2026 15:46
7f2c9bf5-8beb-4a79-9b96-8cb3d2259557,avuncular.trading,available,19.99,19.99,medium,low,9,name.com,,,07/08/2026 23:51
7f219ba6-a913-43e5-980a-d0c49b67fa63,nourished.trading,available,21.98,27.98,high,low,9,namecheap,,,03/09/2026 22:12
b11148d6-bd0c-49c7-9974-379a7ff8021c,gomad.trading,available,21.98,27.98,medium,low,6,namecheap,,,20/09/2026 00:44
64ec36ea-b1c3-4a31-9326-7eed7b6d6984,blaeberry.trading,available,21.98,27.98,medium,low,9,namecheap,,,23/09/2026 15:39
da784353-8f9d-4734-9679-5cfe73845ef9,any.trading,premium,520,520,high,medium,3,namecheap,,,22/09/2026 07:02
a34f4c7f-b549-4a0d-9200-6d26fd6966af,accordant.trading,available,19.99,19.99,medium,low,9,name.com,,,
1d0c3e26-2560-4b10-b051-d27562d592fb,woolf.trading,available,21.98,27.98,medium,low,5,namecheap,,,17/09/2026 07:19
563af309-9ee9-4976-8fb5-d1db0caa5b01,airwoman.trading,available,21.98,27.98,medium,low,8,namecheap,,,17/09/2026 23:25
e50b9d6b-6400-4b46-8050-0d1d4f45c409,bolivian.trading,available,19.99,19.99,high,low,8,name.com,,,10/08/2026 17:46
16fdb3f8-2062-43dd-8c4e-bcb9e2590827,arthritis.trading,available,21.98,27.98,high,low,9,namecheap,,,20/09/2026 10:37
a8933f45-f123-4302-a372-455589261077,mountain.trading,available,21.98,27.98,high,low,8,namecheap,,,25/09/2026 20:48
8fc38538-1f43-4a7e-83ac-320c651afab9,beating.trading,available,19.99,,high,low,7,name.com,,,
d60cb312-4097-41d5-aa43-686d63712d35,flashily.trading,available,21.98,27.98,medium,low,8,namecheap,,,14/09/2026 18:54
ebf39526-3bc2-443b-a014-d8cc214b3bf9,deeper.trading,available,21.98,27.98,high,low,6,namecheap,,,17/09/2026 12:06
ba2f848b-04f7-42a1-a2a0-ae2131d65e51,armoured.trading,available,19.99,19.99,medium,low,8,name.com,,,06/08/2026 20:10
fdc815cc-875e-4b4f-b057-832019a5e831,virgil.trading,available,16.76,16.76,high,low,6,spaceship,,,28/09/2026 02:58
7ccbc2c9-20b2-45bb-be84-0579057b8b40,soddy.trading,available,19.99,19.99,medium,low,5,name.com,,,17/09/2026 09:26
275910f2-dbf1-4d46-a11c-21fdbdfa49b0,noteworthy.trading,available,21.98,27.98,high,low,10,namecheap,,,03/09/2026 22:01
0d7703db-076a-46c3-8f8e-234c188132c7,darkly.trading,available,21.98,27.98,medium,low,6,namecheap,,,14/09/2026 10:39
7dcab09b-036f-4636-b5d9-a0bbb60fe061,clouded.trading,available,19.99,19.99,medium,low,7,name.com,,,12/08/2026 12:27
5a4ec8c2-90d4-4bb3-a371-eb72b2d3fc0e,handbasket.trading,available,21.98,27.98,medium,low,10,namecheap,,,22/09/2026 11:03
b1efef8b-d9f9-4c84-9b3c-fc20c323d9b5,very.trading,available,21.98,27.98,high,low,4,namecheap,,,27/09/2026 09:52
7b928a1a-fb64-4c55-9a1d-46ab3f1e2976,nelson.trading,available,21.98,27.98,high,low,6,namecheap,,,17/09/2026 08:49
856a0a87-fdf3-43b9-8ea8-d9da42c2136e,houses.trading,available,21.98,27.98,high,low,6,namecheap,,,17/09/2026 21:10
cda19898-b14a-4951-a39d-6de731313387,cystic.trading,available,19.99,19.99,medium,low,6,name.com,,,13/08/2026 14:36
fd283e90-e543-4d59-8b0e-2476914dcfea,someway.trading,available,21.98,27.98,medium,low,7,namecheap,,,15/09/2026 06:46
038cbb9f-b2a7-45e1-93e4-0097a16c3ef0,basaltic.trading,available,19.99,19.99,medium,low,8,name.com,,,08/08/2026 21:29
cd20027c-e0ba-4f9a-9856-7d78586f2e31,outwear.trading,available,19.99,19.99,medium,low,7,name.com,,,13/09/2026 09:15
2b3773ba-04e9-4699-809e-5362367550c4,hastings.trading,available,21.98,27.98,high,low,8,namecheap,,,22/09/2026 15:09
72cca006-780d-4b4b-914e-b9c75bcd3e89,gas.trading,premium,3250,3250,high,low,3,namecheap,,,23/09/2026 01:57
b026dd76-ffa4-4940-9f39-a1cc53f658e7,frock.trading,available,19.99,19.99,medium,low,5,name.com,,,14/08/2026 18:55
55b90d97-c005-4ed0-8173-32ae12ae9701,blackbeard.trading,available,21.98,27.98,medium,low,10,namecheap,,,24/09/2026 02:06
e54708ba-73a4-47b1-9fd5-1ea5081fd8f3,around.trading,available,21.98,27.98,high,low,6,namecheap,,,21/09/2026 14:17
e16c73e2-40aa-43a6-9a62-6bee4c62f011,septic.trading,available,19.99,19.99,high,low,6,name.com,,,22/08/2026 04:07
897972c1-efdd-49d2-b53f-d74fa41b950f,wesley.trading,available,21.98,27.98,high,low,6,namecheap,,,25/09/2026 22:12
ef30604d-a3d6-4b6b-bcd7-35a4754d3295,slavonic.trading,available,21.98,27.98,high,low,8,namecheap,,,10/09/2026 10:34
a625ae75-96a9-4b92-83d1-0d840136ff72,banting.trading,available,21.98,27.98,medium,low,7,namecheap,,,22/09/2026 03:15
976d2d23-0e8c-41be-b432-40b0cdd41095,ambystoma.trading,available,21.98,27.98,medium,low,9,namecheap,,,18/09/2026 17:36
f8a379d4-6698-4f74-9466-db3068fa6826,aerobatics.trading,available,19.99,19.99,high,low,10,name.com,,,17/09/2026 12:53
f92e795e-240b-4149-bd55-44c2328c5c17,deng.trading,available,16.2,16.2,high,low,4,cloudflare,,,27/09/2026 20:32
5a08e4e2-8f62-492b-8a9d-1f56062ca87e,fad.trading,available,21.98,27.98,high,low,3,namecheap,,,24/09/2026 19:13
3f5db7c0-510d-426a-b113-895e03830385,sheer.trading,available,21.98,27.98,high,low,5,namecheap,,,22/09/2026 23:12
42f65590-ee2e-4a80-b690-c933a678b2f5,unforced.trading,available,19.99,19.99,medium,low,8,name.com,,,12/09/2026 05:40
2a751b30-366c-4084-871f-956c33fd384c,mayoral.trading,available,19.99,19.99,medium,low,7,name.com,,,24/08/2026 18:00
b8561c42-e74f-47c8-a993-0b9ec387ddc2,unfirm.trading,available,21.98,27.98,low,low,6,namecheap,,,12/09/2026 10:19
33bda639-0060-4f55-a6a6-e6f29dea1c1f,palatine.trading,available,21.98,27.98,medium,low,8,namecheap,,,04/09/2026 23:20
f33f9d28-54c9-42bc-8e1f-433dea13b3a4,cannon.trading,available,21.98,27.98,high,low,6,namecheap,,,24/09/2026 12:05
bb254807-ee87-4f93-a6a3-25fc10534626,trying.trading,available,21.98,27.98,high,low,6,namecheap,,,03/09/2026 15:44
06a0ddd0-d1fc-4c41-9136-23be8509b3a6,entangled.trading,available,19.99,19.99,medium,low,9,name.com,,,16/08/2026 13:26
8e8b1c5c-2941-4d80-8770-32d5dce9c218,estimable.trading,available,19.99,19.99,medium,low,9,name.com,,,12/08/2026 19:44
9f9f31a2-b0bd-4b4d-8bba-4f0ef87745b5,latitude.trading,available,19.99,,high,low,8,name.com,,,
4fde15bb-c68f-439e-9eea-f28f3f665d9c,favorably.trading,available,19.99,19.99,high,low,9,name.com,,,14/09/2026 18:00
9f6ca02a-74c2-48a7-a9b2-b5886c17b8a6,airing.trading,available,21.98,27.98,high,low,6,namecheap,,,17/09/2026 23:12
8271966b-0e11-44f5-8674-cab7ba6e1221,bookworm.trading,available,21.98,27.98,high,low,8,namecheap,,,09/09/2026 23:16
483ae67a-fb39-42f9-8848-125e618d7a88,specification.trading,available,19.99,,high,low,13,name.com,,,
d8237045-362f-48a6-8398-fdc08bc29bf1,norte.trading,available,21.98,27.98,high,low,5,namecheap,,,27/09/2026 07:02
f9bac1ac-1ed0-4047-a295-61ac2ee5f923,andrei.trading,available,16.2,16.2,high,low,6,cloudflare,,,28/09/2026 04:07
ed8475f6-e9f0-4d3a-885b-08fe1a58730f,liveable.trading,available,19.99,19.99,high,low,8,name.com,,,24/08/2026 07:44
1ee4054e-fd1c-4751-a8bd-10bced7bb5f7,laudable.trading,available,19.99,19.99,medium,low,8,name.com,,,06/08/2026 07:01
073f1ca9-72df-4b11-8429-a1a8e7a1bcd2,carlton.trading,available,21.98,27.98,high,low,7,namecheap,,,25/09/2026 15:21
0647cda5-963a-4679-8c1a-2aabf2c01601,outer.trading,available,19.99,,high,low,5,name.com,,,
3f5acbd2-3718-49b1-b32d-0679560e652d,idiotic.trading,available,21.98,27.98,medium,low,7,namecheap,,,24/09/2026 01:17
25a815a7-391c-4a16-b7ca-21c14bbb676d,rowland.trading,available,21.98,27.98,high,low,7,namecheap,,,25/09/2026 15:13
54f04d4c-5fc4-4c69-ad0a-b295e9613a31,antifreeze.trading,available,21.98,27.98,medium,low,10,namecheap,,,19/09/2026 14:23
5ac4500e-5be9-4063-bf35-893fa5bb6193,oblate.trading,available,21.98,27.98,medium,low,6,namecheap,,,03/09/2026 23:35
2c149b75-6b8e-43a3-ae4e-9d5e302bb1ff,tommyrot.trading,available,21.98,27.98,medium,low,8,namecheap,,,21/09/2026 23:53
f2c4e875-58a2-4d14-ad66-91a1cbc7b284,lapsing.trading,available,21.98,27.98,medium,low,7,namecheap,,,09/09/2026 16:15
f8cd8389-73bf-4c1f-8cda-915c502eab6a,gone.trading,available,19.99,19.99,high,low,4,name.com,,,22/09/2026 10:48
411e8044-e527-41fc-b7d1-76d28b4a0cbb,molto.trading,available,21.98,27.98,medium,low,5,namecheap,,,15/09/2026 15:19
8826fbc3-315f-46f9-91eb-784daa8f490a,hypo.trading,available,19.99,19.99,high,low,4,name.com,,,21/08/2026 17:15
42f6c33e-57ca-4cc6-ad86-790cd93fe67a,enviable.trading,available,21.98,27.98,high,low,8,namecheap,,,24/09/2026 14:16
0903db67-eedc-4a45-96ca-3027448f448f,friedrich.trading,available,21.98,27.98,high,low,9,namecheap,,,25/09/2026 18:50
77f1d108-7ec3-4e09-b8da-68aa864d067c,alienate.trading,available,19.99,19.99,medium,low,8,name.com,,,
a6220ea8-0510-44ee-ba50-7cc5866779b7,javanese.trading,available,19.99,19.99,high,low,8,name.com,,,22/08/2026 12:28
d3488cd8-f2b5-44b5-b12e-ea1be982423f,gage.trading,available,19.99,19.99,high,low,4,name.com,,,18/08/2026 19:51
ee999026-207d-492f-86b5-a435a1390f9f,sot.trading,available,19.99,19.99,medium,low,3,name.com,,,14/08/2026 20:22
ac95b193-9b38-4992-908d-d09c9a569541,screech.trading,available,21.98,27.98,high,low,7,namecheap,,,09/09/2026 23:57
d00f7395-7c06-4e6d-8d42-85cf131e0f0d,basiliscus.trading,available,21.98,27.98,medium,low,10,namecheap,,,22/09/2026 10:53
2dcf49b5-62b5-42c8-8069-d17d4277893d,ive.trading,available,19.99,,high,low,3,name.com,,,
4ff9a269-ee72-49c3-b242-febd232f5706,refused.trading,available,21.98,27.98,medium,low,7,namecheap,,,18/09/2026 13:40
eaed42b2-321c-4866-a45f-cdd7a742ace5,browne.trading,available,21.98,27.98,high,low,6,namecheap,,,20/09/2026 10:27
c53dfb5e-c837-4b22-a02b-9b3e3d8a1a04,gilt.trading,available,19.99,19.99,high,low,4,name.com,,,18/08/2026 23:34
b5323c24-92cb-4a80-a0d6-565e96990042,sprightly.trading,available,21.98,27.98,high,low,9,namecheap,,,10/09/2026 16:49
9f76c924-bcbc-49c7-a463-de5abc20aebc,circuit.trading,available,21.98,27.98,high,low,7,namecheap,,,25/09/2026 09:04
5b586c68-bc99-4d1e-987a-c4f8ca455961,orpin.trading,available,19.99,19.99,medium,low,5,name.com,,,24/08/2026 08:00
12c7773f-b299-471c-a7fe-001d9d680615,trey.trading,available,19.99,19.99,high,low,4,name.com,,,
e338e212-1ef8-43f0-9e68-4f007eb3e476,experiment.trading,available,21.98,27.98,high,low,10,namecheap,,,23/09/2026 08:49
97d2accd-1fcf-43e4-a582-7ffe38473090,homozygous.trading,available,19.99,19.99,medium,low,10,name.com,,,21/08/2026 13:12
ca384bce-48b5-430b-b5a9-00ddb643ab29,elias.trading,available,19.99,,high,low,5,name.com,,,
a4914efa-7f5b-4d03-9ae7-904e78156dc3,stinker.trading,available,19.99,19.99,medium,low,7,name.com,,,11/08/2026 09:15
62e14b8f-dff7-4203-b53e-ba7b20006c9b,relocated.trading,available,21.98,27.98,medium,low,9,namecheap,,,09/09/2026 13:39
4fe90db2-6280-452f-86a2-75649185b69b,dave.trading,available,19.99,,high,low,4,name.com,,,
ae3a19c0-dbce-407d-97eb-d0609eec5272,fenestral.trading,available,19.99,19.99,medium,low,9,name.com,,,18/08/2026 01:09
e40e5f8c-cae3-4cc5-8311-ea3a105469ba,forever.trading,available,21.98,27.98,high,medium,7,namecheap,,,27/09/2026 02:31
7eeac442-5d84-4214-92ac-aeb5b6ec6a5b,focusing.trading,available,21.98,27.98,high,low,8,namecheap,,,24/09/2026 13:33
09a9a712-47cb-4319-9cec-e2b998b4af19,safest.trading,available,21.98,27.98,high,low,6,namecheap,,,20/09/2026 20:39
b0fa1f6f-0228-40a1-9445-1871fab7b570,chemist.trading,available,21.98,27.98,high,low,7,namecheap,,,19/09/2026 19:39
df0166ef-7a7e-4dcc-9b61-65f2578adb2e,fundament.trading,available,19.99,19.99,medium,low,9,name.com,,,09/08/2026 10:59
3401754a-303b-4a02-b7b6-6b00897835e7,glimmery.trading,available,19.99,19.99,medium,low,8,name.com,,,20/08/2026 14:28
ef0bb5f7-0b30-4630-8a27-72b989c870d9,started.trading,available,21.98,27.98,medium,low,7,namecheap,,,18/09/2026 11:27
0bb9b885-8465-48b8-a389-7321d243d325,woozy.trading,available,19.99,19.99,medium,low,5,name.com,,,14/08/2026 14:06
275b5408-6fb6-47a0-8648-905a4740b0c3,illusional.trading,available,19.99,19.99,medium,low,10,name.com,,,21/08/2026 20:11
42f435ad-edf9-4fed-b9e8-b8abf113bbf7,cxxxv.trading,available,19.99,19.99,medium,low,5,name.com,,,
c4fa88b8-cf90-4b7d-a0e2-3a4d3a198b63,battle.trading,available,21.98,27.98,high,low,6,namecheap,,,22/09/2026 14:39
15b82f6b-0076-4f80-8ce2-ede9a9f2a120,genetical.trading,available,19.99,19.99,medium,low,9,name.com,,,18/08/2026 21:37
c445d3b1-405c-403e-9b74-c592eba9337c,grocery.trading,available,21.98,27.98,high,low,7,namecheap,,,08/09/2026 13:48
cbce162f-db9f-44d3-9844-0dc289d81b01,lunch.trading,available,19.99,,high,low,5,name.com,,,
2ac5abdd-fb0e-4892-bf3a-420762710a4d,linguist.trading,available,21.98,27.98,high,low,8,namecheap,,,08/09/2026 23:18
f730e0c5-c44d-4b85-a786-d6a86ff20b54,pencils.trading,available,21.98,27.98,medium,low,7,namecheap,,,20/09/2026 08:42
59eb393d-a78c-4da0-bad0-40eeb662e289,thirteenth.trading,available,19.99,19.99,high,low,10,name.com,,,
7f481c1a-c787-4cc8-ac7a-6548e0523674,alertly.trading,available,21.98,27.98,medium,low,7,namecheap,,,13/09/2026 18:40
66083763-6aae-4946-92c6-8c54fe3d16a9,joaquin.trading,available,21.98,27.98,medium,low,7,namecheap,,,25/09/2026 16:17
0f54471f-b9c0-4bae-b855-5a585023ddc4,kyle.trading,available,21.98,27.98,high,low,4,namecheap,,,25/09/2026 12:33
6b221826-3a57-41e9-b40e-7783479c1edd,tame.trading,available,21.98,27.98,high,low,4,namecheap,,,11/09/2026 07:40
55111d81-a4ff-483a-ad11-7ca695851454,aflatoxin.trading,available,21.98,27.98,medium,low,9,namecheap,,,17/09/2026 15:06
77b42bc1-4d34-4cd9-8d58-5c75f3ca3a85,williamsburg.trading,available,21.98,27.98,medium,low,12,namecheap,,,27/09/2026 01:57
a787ecb3-1a2e-4c9b-bc63-135cf2222647,aroid.trading,available,19.99,19.99,medium,low,5,name.com,,,06/08/2026 11:30
58c04f0f-b1e1-4f92-9c23-14e91793aed2,scranton.trading,available,21.98,27.98,medium,low,8,namecheap,,,26/09/2026 00:14
743455d3-dfcd-410e-bdab-9cec36bdc138,cancer.trading,available,19.99,,high,low,6,name.com,,,
c6d038e1-872d-4704-a2ff-62ff2c159f8e,truce.trading,available,21.98,27.98,high,low,5,namecheap,,,20/09/2026 07:17
f304adfe-39a9-45a7-8e6f-71ddc500a49f,greyish.trading,available,19.99,19.99,medium,low,7,name.com,,,20/08/2026 18:54
2a2c80e8-f0e4-417a-97c0-e780fe3a575e,chaste.trading,available,19.99,19.99,high,low,6,name.com,,,12/08/2026 03:11
ebcbe427-132b-4e60-82ab-6a0bbb45c6cc,boleyn.trading,available,21.98,27.98,medium,low,6,namecheap,,,19/09/2026 10:12
819c78b0-c995-499a-99a2-fbfe9b0497cf,steer.trading,available,19.99,,high,low,5,name.com,,,
49417f96-43c6-44fc-b976-fbf686f5d2b7,soundable.trading,available,19.99,19.99,medium,low,9,name.com,,,17/08/2026 23:44
65a9ed4d-871d-4081-94b8-b5d8cd97126c,disturbing.trading,available,19.99,19.99,medium,low,10,name.com,,,14/08/2026 13:16
0d5e2933-50ca-4e8b-97be-8d94d998a965,suburban.trading,available,21.98,27.98,high,low,8,namecheap,,,11/09/2026 00:54
5c821091-f308-45a6-babe-5b89bfbced94,matured.trading,available,19.99,19.99,medium,low,7,name.com,,,18/08/2026 17:58
fc4a6be4-0935-4ac8-8ba2-99f7aa76e9ef,ophthalmic.trading,available,19.99,19.99,medium,low,10,name.com,,,04/09/2026 16:33
f49b0542-ea69-4623-80e7-389ce151fa6a,reply.trading,available,19.99,,high,low,5,name.com,,,
c6c0c4b6-f5a4-4639-864a-5a0cd99635a6,turning.trading,available,21.98,27.98,high,low,7,namecheap,,,26/09/2026 00:27
2ba91d8c-7bda-49b5-ada6-4c890d32c670,expecting.trading,available,19.99,,high,low,9,name.com,,,
84ec14cd-6248-4491-9ba7-679e4f870ab4,aerobe.trading,available,21.98,27.98,medium,low,6,namecheap,,,17/09/2026 12:54
d19b3987-3e6f-443b-a719-893d97095507,disjoined.trading,available,19.99,19.99,medium,low,9,name.com,,,14/08/2026 11:07
c6ea03ee-83a0-4c02-ba34-6e703b536b33,zach.trading,available,17.34,17.34,high,medium,4,dynadot,,,28/09/2026 04:11
658c493b-125d-4c1a-9870-684d594c28cb,alexandria.trading,available,21.98,27.98,high,low,10,namecheap,,,18/09/2026 06:02
61bba231-26d6-4808-8abd-a885481db6bf,traitor.trading,available,16.2,16.2,high,low,7,cloudflare,,,27/09/2026 13:08
c11a5b89-7d01-495a-ace6-eb8e06ada0d3,toe.trading,available,19.99,,medium,low,3,name.com,,,
cd328c20-d987-4f57-8b52-41376e7ee502,proclaim.trading,available,19.99,,high,low,8,name.com,,,
8dc8bf9e-771c-452f-b7f8-2eed39198aa7,lizard.trading,available,19.99,,high,low,6,name.com,,,
2bfb0c8a-29dd-46d2-9e25-8a40138e0a40,cypriot.trading,available,19.99,19.99,medium,low,7,name.com,,,13/08/2026 14:08
794f8865-b691-460a-b598-b1d0da9f4b11,courtroom.trading,available,19.99,,high,low,9,name.com,,,
3aaee76a-d016-42cc-b397-4fb9aa142dd8,chirping.trading,available,19.99,,high,low,8,name.com,,,
0639a093-378e-4bac-aad3-f0c36c422205,blear.trading,available,19.99,19.99,medium,low,5,name.com,,,10/08/2026 14:01
67641184-3458-4c4f-bbff-49eb0bb0e586,aesthesia.trading,available,21.98,27.98,medium,low,9,namecheap,,,17/09/2026 13:26
df14b13d-cc48-4604-ad3b-ca5a49828f54,tusked.trading,available,19.99,19.99,medium,low,6,name.com,,,11/09/2026 21:29
f63b3b24-14e2-4ddd-9887-d204dece3ba0,abradant.trading,available,19.99,19.99,medium,low,8,name.com,,,
b9a0d617-6397-494a-926d-b2f1634565c6,unranked.trading,available,21.98,27.98,medium,low,8,namecheap,,,12/09/2026 17:44
fcb7a2ae-840a-4236-863b-ad6c05728295,flavorsome.trading,available,19.99,19.99,medium,low,10,name.com,,,18/08/2026 07:12
2536f7e8-fdc1-4e8c-b132-511b18582055,blastema.trading,available,21.98,27.98,medium,low,8,namecheap,,,24/09/2026 04:21
b0f3a1ca-7a38-4872-91f8-d9675763d32b,forced.trading,available,19.99,19.99,high,low,6,name.com,,,23/09/2026 21:10
03b83be9-a77a-43d7-a9f3-ffe5ac7ff34d,logistical.trading,available,19.99,19.99,high,low,10,name.com,,,24/08/2026 08:54
36aef20e-1b8f-41ad-a71d-fc978e5c9294,owning.trading,available,21.98,27.98,medium,low,6,namecheap,,,20/09/2026 00:32
d7d79678-39c3-4cb8-8808-737a8e9ee6d9,faggot.trading,available,21.98,27.98,medium,low,6,namecheap,,,09/09/2026 08:02
4c5135f1-d621-4aa4-8d5c-015225691dbe,aright.trading,available,21.98,27.98,high,low,6,namecheap,,,13/09/2026 20:49
8bc46b98-dcf0-47e1-8a55-5c9ffd95420a,recreation.trading,available,21.98,27.98,high,low,10,namecheap,,,24/09/2026 23:18
25a345fa-17a4-4c0b-84cf-7b7fbf1e73e4,featherbed.trading,available,21.98,27.98,high,low,10,namecheap,,,21/09/2026 12:59
14e2a9dd-ef1c-47b5-8477-81264aa03956,tetanic.trading,available,21.98,27.98,medium,low,7,namecheap,,,11/09/2026 12:08
fb425489-e549-4fcf-99aa-d021d528221e,inocor.trading,available,21.98,27.98,medium,low,6,namecheap,,,18/09/2026 23:58
eefbeb88-da58-4cbd-9e0f-eacc1571d9d7,vila.trading,available,21.98,27.98,high,low,4,namecheap,,,24/09/2026 12:33
fd373364-020b-41e2-85b2-895e865246e7,humans.trading,available,19.99,,high,medium,6,name.com,,,
4991086b-a1f6-4204-9b22-a7949c898efa,allocate.trading,available,19.99,,high,low,8,name.com,,,
6c867276-0551-4f13-bc2f-1251bdf20f22,pricing.trading,available,19.99,,high,low,7,name.com,,,
a2d8a8ba-d98c-4181-9816-a987c3882971,lady.trading,available,19.99,,high,low,4,name.com,,,
f8f79bc6-c0f0-41a3-a985-009d7ff5497d,barn.trading,available,19.99,,high,low,4,name.com,,,
df5f3758-1134-429d-9102-fcbfe9bd4296,flatulent.trading,available,19.99,19.99,medium,low,9,name.com,,,12/08/2026 16:34
443a55ee-7b6f-4f41-8910-ca132ac5ecbf,mortgaged.trading,available,19.99,19.99,medium,low,9,name.com,,,25/08/2026 06:38
389331a9-e59d-4329-aa0d-c4e2f71459e1,touching.trading,available,19.99,19.99,high,low,8,name.com,,,
f57b6d43-b446-4ca9-a33b-5c6326f457f0,midway.trading,available,19.99,19.99,high,low,6,name.com,,,11/08/2026 23:58
09c1c778-1e0f-43e7-804d-e7213c24a205,breastfeed.trading,available,19.99,,high,low,11,name.com,,,
2f8a7d7f-3997-4ecf-b690-f043850d3c2f,royce.trading,available,16.76,16.76,high,low,5,spaceship,,,28/09/2026 04:09
e865d0c8-0290-472e-a4f3-00a68310bbf5,cram.trading,available,19.99,19.99,high,low,4,name.com,,,10/08/2026 18:14
29d01006-3490-48c5-9fb8-ef88a5cf7a3b,ratter.trading,available,19.99,19.99,low,low,6,name.com,,,06/08/2026 04:00
bb7e9556-1635-4f1d-bb26-d71fe75ce65f,unitarian.trading,available,21.98,27.98,high,low,9,namecheap,,,12/09/2026 13:56
a5cc7153-1f0f-40d6-ae56-c603fba10b40,huge.trading,available,21.98,27.98,high,low,4,namecheap,,,25/09/2026 06:09
67addfdd-695b-4ab6-9139-392674f45888,maureen.trading,available,16.2,16.2,medium,low,7,cloudflare,,,27/09/2026 19:11
f15399d5-c119-4e64-b0db-feb5c048751e,unchained.trading,available,21.98,27.98,high,low,9,namecheap,,,12/09/2026 04:54
0bbca9f8-6869-4390-9862-1319d0d9787b,nor.trading,available,19.99,,high,low,3,name.com,,,
a1a16597-ee1f-4a31-b5b6-28c82988ecab,eggplant.trading,available,21.98,27.98,high,low,8,namecheap,,,21/09/2026 02:30
b953ea41-c559-4e5f-b227-07a2159cedf0,barkley.trading,available,21.98,27.98,high,low,7,namecheap,,,18/09/2026 02:32
8b3028d7-283d-4398-9c18-1401aa595cd8,straying.trading,available,21.98,27.98,medium,low,8,namecheap,,,10/09/2026 22:14
4be42ea5-44ff-489b-b43a-eae2490e7f60,rapacious.trading,available,19.99,19.99,medium,low,9,name.com,,,15/08/2026 05:26
4a275741-8003-484b-b7af-a9d9f7a97f39,variegate.trading,available,19.99,19.99,medium,low,9,name.com,,,25/08/2026 08:26
481ea1b7-7225-494c-8317-a546f61f0a23,pussy.trading,available,21.98,27.98,high,medium,5,namecheap,,,27/09/2026 08:37
670de7d1-dad0-4258-9289-01747f13fce5,caper.trading,available,21.98,27.98,high,low,5,namecheap,,,22/09/2026 06:32
7c8384fb-acc7-4e5a-9363-ea2de11e11ab,charge.trading,available,19.99,,high,low,6,name.com,,,
6a8a1813-bf2d-450f-be46-f7bd12419629,undivided.trading,available,21.98,27.98,high,low,9,namecheap,,,12/09/2026 08:11
2af63d45-6a08-4d4a-961c-583922d016f9,utility.trading,available,21.98,27.98,high,low,7,namecheap,,,19/09/2026 06:04
ebc348ca-dd47-4115-af8d-8cd693c19fdb,chem.trading,available,21.98,27.98,high,low,4,namecheap,,,18/09/2026 00:59
e381a47f-7afd-4269-9b6b-a4722256a0e6,vegetable.trading,available,19.99,,high,low,9,name.com,,,
f484a6f8-1f8c-4763-b9a7-8755cec434b6,bandmaster.trading,available,21.98,27.98,high,low,10,namecheap,,,22/09/2026 01:26
2865db2c-249d-4a43-8e5b-6e2ced389a2a,raccoon.trading,available,21.98,27.98,high,low,7,namecheap,,,25/09/2026 13:18
48e9a31f-f269-4633-9b53-87a5107a2f2e,wheels.trading,available,21.98,27.98,high,low,6,namecheap,,,17/09/2026 12:21
26a845d7-5e6c-4cda-a172-8a02d785f17e,vaporized.trading,available,19.99,19.99,medium,low,9,name.com,,,18/08/2026 20:28
e4ffc12c-69d7-4bf4-bf11-8cd3bcbac713,footer.trading,available,21.98,27.98,high,low,6,namecheap,,,08/09/2026 12:38
b461c660-0c69-4a64-a985-051637bb6d47,alabaster.trading,available,19.99,19.99,high,low,9,name.com,,,
bf526b04-12bf-428f-a988-5e9ca21f22ff,loveliness.trading,available,21.98,27.98,high,low,10,namecheap,,,22/09/2026 22:21
b64726cf-e3c3-4d2a-98dd-039799e3b9e3,joewood.trading,available,21.98,27.98,medium,low,7,namecheap,,,22/09/2026 04:36
84178304-e7c1-4028-9b6a-926d361b84ff,prom.trading,available,21.98,27.98,high,low,4,namecheap,,,28/09/2026 02:58
24a599b1-9a01-4214-bb03-d76a3e1fadcc,stroke.trading,available,19.99,,high,low,6,name.com,,,
655e8c63-20d4-442a-8455-cafba422e4ea,jain.trading,available,19.99,19.99,high,low,4,name.com,,,22/08/2026 12:04
306a19b5-69c0-46f8-8ff9-e30a711cf284,blase.trading,available,19.99,19.99,medium,low,5,name.com,,,10/08/2026 13:19
369e7422-915e-4762-a41e-1df686826b13,demolition.trading,available,19.99,19.99,high,low,10,name.com,,,24/09/2026 21:50
8955fdf4-1449-4975-b15d-c55821eecfc2,impossible.trading,available,21.98,27.98,high,medium,10,namecheap,,,25/09/2026 07:55
6683f8bf-acbf-4cd8-a7f6-acc4d83a2cc9,suspense.trading,available,19.99,,high,low,8,name.com,,,
b7cff638-5f58-4687-a777-829687c849f0,invigorate.trading,available,21.98,27.98,high,low,10,namecheap,,,22/09/2026 04:52
afcc0de3-13d3-4cf3-bd2f-eb6d578c223a,risky.trading,available,19.99,19.99,medium,low,5,name.com,,,21/08/2026 01:43
d21b31db-ea00-4ee2-a22e-83f3dd9ddafa,driver.trading,available,19.99,,high,low,6,name.com,,,
8e3450aa-5482-4718-8673-0c1ced5961a7,desktops.trading,available,21.98,27.98,medium,low,8,namecheap,,,20/09/2026 12:27
4cfe8326-274d-4fa6-a90a-9366c2f0f8f9,skint.trading,available,19.99,19.99,medium,low,5,name.com,,,11/08/2026 05:21
cf8a909a-bcfc-40df-9a36-d458369e056c,suchlike.trading,available,21.98,27.98,medium,low,8,namecheap,,,11/09/2026 01:00
16384051-64d6-443d-91f8-168ceeeccc20,crackling.trading,available,19.99,19.99,high,low,9,name.com,,,13/08/2026 04:27
3b025adf-acba-4984-b7a2-93831fed947f,curator.trading,available,21.98,27.98,high,low,7,namecheap,,,24/09/2026 17:27
a05bf644-4ba7-412f-8c66-e5540d18f99a,christina.trading,available,21.98,27.98,high,low,9,namecheap,,,25/09/2026 14:23
9c9bcf24-2bfc-4fb2-9417-1145adee3c92,butterflies.trading,available,19.99,19.99,high,low,11,name.com,,,16/09/2026 12:02
14894e93-c81f-4747-93a9-86563b4d242f,read.trading,available,,,high,medium,4,,,,26/09/2026 00:08
1acba373-8600-423b-9d7e-e743caadadf7,miscible.trading,available,19.99,19.99,medium,low,8,name.com,,,25/08/2026 01:23
4a9927f2-76e6-4304-94b6-3de7e34d2a69,octal.trading,available,21.98,27.98,medium,low,5,namecheap,,,04/09/2026 00:39
2baefa06-415a-4de6-938d-1757c0e13eef,blindfold.trading,available,19.99,19.99,high,low,9,name.com,,,10/08/2026 14:26
7e55868b-9e16-4fc6-a624-8e8a4f7437a3,dissembler.trading,available,21.98,27.98,medium,low,10,namecheap,,,08/09/2026 19:10
775c0c78-c48d-4ca4-8eaf-5b7d08b45adb,necklace.trading,available,19.99,19.99,high,low,8,name.com,,,27/09/2026 14:59
9d21ab56-83a2-4bdc-8d4e-3bab9daafc92,seething.trading,available,21.98,27.98,medium,low,8,namecheap,,,10/09/2026 01:49
cb4546fa-80f2-441d-9621-6a8aa7d972d7,griffiths.trading,available,21.98,27.98,medium,low,9,namecheap,,,26/09/2026 03:40
9b196c15-2336-4825-ab7e-6f8bc5c29942,shelton.trading,available,21.98,27.98,medium,low,7,namecheap,,,27/09/2026 01:50
2e23b7c1-8e5d-49c1-a674-69ee669341cd,tile.trading,available,19.99,,high,low,4,name.com,,,
85a9c68c-14fd-4782-b5ac-7bba82b9ef01,coaxial.trading,available,19.99,19.99,medium,low,7,name.com,,,12/08/2026 14:16
bf8ad7ec-90d9-4e2f-aa68-00fd1433970c,backwash.trading,available,21.98,27.98,medium,low,8,namecheap,,,17/09/2026 15:44
21c825f1-79f0-4c10-a76b-94c7a948c8c8,amorpha.trading,available,21.98,27.98,medium,low,7,namecheap,,,18/09/2026 22:43
799b21d6-7f56-486d-b9f6-1c7a97d6bf3d,payable.trading,available,19.99,19.99,high,low,7,name.com,,,12/08/2026 16:58
00338f8d-ba35-46b5-9bf8-5854c9259aa0,alum.trading,available,19.99,19.99,high,low,4,name.com,,,20/08/2026 17:49
c688e4e7-cbf4-4ae4-b8f9-2025d46ad7d2,hex.trading,available,19.99,19.99,high,medium,3,name.com,,,21/08/2026 07:35
acedf04f-10a1-4e04-be78-951b9fdc5619,spidery.trading,available,19.99,19.99,medium,low,7,name.com,,,06/08/2026 11:46
ab069452-36ab-442d-b8e1-5c2625ba8044,playaround.trading,available,21.98,27.98,medium,low,11,namecheap,,,17/09/2026 06:03
4c1c264c-31d1-495e-9a41-eb2b43c405a3,belloc.trading,available,21.98,27.98,medium,low,6,namecheap,,,23/09/2026 06:16
ee4ec4ab-b87a-4344-ae9b-8d4e1d29ff13,introductions.trading,available,21.98,27.98,medium,low,13,namecheap,,,20/09/2026 22:09
0af8edcb-58b0-4355-a47e-ac33c6f82d05,marta.trading,available,17.34,17.34,high,low,5,dynadot,,,27/09/2026 17:44
4d418efa-5c9d-45ad-80f0-47f3f7eea38c,unleaded.trading,available,19.99,19.99,high,low,8,name.com,,,22/08/2026 21:46
3a7c17ab-ea8f-4a65-8eb4-3774c99e3ed8,ottar.trading,available,21.98,27.98,medium,low,5,namecheap,,,20/09/2026 19:29
bf9f6cae-2861-48e9-aefd-365fdea1041d,deserved.trading,available,19.99,19.99,high,low,8,name.com,,,14/08/2026 03:27
f7e599f0-3a2b-4eb4-9ffa-2da201adcc8b,perform.trading,available,19.99,,high,low,7,name.com,,,
d5a2462d-13c0-4a7c-8431-ba03f6d25304,clonal.trading,available,19.99,19.99,medium,low,6,name.com,,,12/08/2026 12:01
e85b0b87-5401-4916-a5ae-6d818945d9dd,incendiary.trading,available,19.99,19.99,medium,low,10,name.com,,,22/08/2026 00:54
ba14c4c9-ca08-4480-aba0-d0619e2d7172,conducting.trading,available,19.99,,high,low,10,name.com,,,
a64d2122-707d-4967-ab5e-e3b4f113dfb8,motorcycle.trading,available,21.98,27.98,high,low,10,namecheap,,,23/09/2026 15:33
f1be1906-91f2-4c6f-8f47-b73fa9165b71,study.trading,resell,,,high,low,5,"Spaceship, Inc.",28/05/2023 00:23,28/05/2027 00:23,27/09/2026 02:04
be1981c1-4cb8-43bb-b21f-d7cade5f693d,meanwhile.trading,available,21.98,27.98,high,low,9,namecheap,,,25/09/2026 10:13
04e860b9-5625-404d-82e3-b9e16592180a,timestamps.trading,available,21.98,27.98,medium,low,10,namecheap,,,20/09/2026 14:31
eed8fa72-9c71-43c9-8eba-ed73bc744343,macho.trading,available,19.99,19.99,high,low,5,name.com,,,11/08/2026 11:31
8febc171-b4bb-41b1-9628-00a1bfaeddca,accountability.trading,available,19.99,,high,low,14,name.com,,,
52d690b9-d49b-4aeb-a9ab-a36fc0868ec3,cortical.trading,available,19.99,19.99,medium,low,8,name.com,,,13/08/2026 02:35
5e0955a1-65a7-43ad-a1ab-3b0d4243536c,scooped.trading,available,21.98,27.98,medium,low,7,namecheap,,,17/09/2026 23:31
557fb74f-1239-46a1-8b02-feea9782fc11,toiling.trading,available,19.99,19.99,medium,low,7,name.com,,,14/08/2026 20:00
664df5e5-34e9-4da4-b502-019bc8fc0b06,favourite.trading,available,19.99,19.99,high,low,9,name.com,,,13/08/2026 18:17
f3311539-c4c0-417f-93b7-c968da5135e7,campfire.trading,available,21.98,27.98,high,low,8,namecheap,,,24/09/2026 11:54
df183ac3-3f11-405d-b7b8-fe8c6bc3beb3,quite.trading,available,19.99,,high,low,5,name.com,,,
c10bee99-4fc3-4869-95cb-22b2d0a2b5cc,asymptote.trading,available,21.98,27.98,medium,low,9,namecheap,,,20/09/2026 18:41
71c794e2-f890-440b-8d66-59edb8d8c7e8,bathroom.trading,premium,85.8,85.8,high,low,8,namecheap,,,27/09/2026 06:27
2feba305-e70f-453c-ab9e-d752b3519f29,permissive.trading,available,21.98,27.98,medium,low,10,namecheap,,,08/09/2026 17:48
749613e9-20db-4bc2-b935-cb9150c04af3,bearskin.trading,available,19.99,19.99,high,low,8,name.com,,,22/09/2026 21:25
85358493-f223-4ad8-982b-16b3a3bc9658,boolean.trading,available,19.99,19.99,high,low,7,name.com,,,10/08/2026 19:12
6efea32c-2a7f-491a-8a4d-c4dc8d608f6c,calculated.trading,available,19.99,19.99,high,low,10,name.com,,,11/08/2026 13:58
bd4c0229-b4f1-400c-9578-d385c2d0ddc3,sunblind.trading,available,21.98,27.98,medium,low,8,namecheap,,,21/09/2026 10:15
3bf1fe76-2ab0-419d-be81-aa4cf366417e,afternoon.trading,available,19.99,,high,low,9,name.com,,,
e04d35e0-0825-47d1-94e9-aabbc225070c,grassroots.trading,available,19.99,19.99,high,low,11,name.com,,,20/08/2026 18:16
10e7bf50-1a7d-4d80-8482-51d7baed3536,approached.trading,available,21.98,27.98,medium,low,10,namecheap,,,17/09/2026 16:13
20d98473-6070-4b05-97b6-68b5652a3161,offering.trading,available,21.98,27.98,high,low,8,namecheap,,,25/09/2026 09:37
56017760-e7f0-433c-9537-4fe4d3c641b0,arterial.trading,available,19.99,19.99,high,low,8,name.com,,,06/08/2026 22:29
c90f7f72-21ce-478e-a2f3-ec63229fb454,abreast.trading,available,19.99,19.99,medium,low,7,name.com,,,
d3233ac7-4bdc-434d-a3b4-96920f261fb7,niebuhr.trading,available,21.98,27.98,medium,low,7,namecheap,,,22/09/2026 09:08
619b868a-3595-4226-a83e-369749d670ff,porcine.trading,available,19.99,19.99,medium,low,7,name.com,,,21/08/2026 10:21
45efae15-641b-4363-b27e-798cf10a2a22,beach.trading,available,19.99,,high,low,5,name.com,,,
84700262-2ae1-4c26-9c1e-3f97c5c3a465,beatrice.trading,available,21.98,27.98,high,low,8,namecheap,,,22/09/2026 21:46
3cca892f-2fbe-4963-b684-d8ac3ae423e1,speeds.trading,available,21.98,27.98,medium,low,6,namecheap,,,20/09/2026 02:30
9e0b7680-e004-477c-9a07-9361c55f30d2,agnostic.trading,available,21.98,27.98,high,low,8,namecheap,,,21/09/2026 23:11
0a732db1-7fbe-42f4-abf8-2c7ced228ac9,whammy.trading,available,19.99,19.99,medium,low,6,name.com,,,21/08/2026 07:39
4814d3c2-4226-4a87-b46c-33cd5b0c73cb,illinois.trading,available,19.99,19.99,high,low,8,name.com,,,21/08/2026 18:40
8a4c231a-2cf2-470a-8d04-01833bd42818,gobs.trading,available,21.98,27.98,high,low,4,namecheap,,,14/09/2026 23:34
07807a4d-a44b-46ff-b15e-254d8985b2fd,unmanned.trading,available,21.98,27.98,medium,low,8,namecheap,,,09/09/2026 13:50
13db47f7-5f1f-4217-837e-ef35f5dd68be,series.trading,available,21.98,27.98,high,low,6,namecheap,,,19/09/2026 17:55
e3302e36-e6dc-4f06-a94d-69b1f14df9e5,equivalent.trading,available,21.98,27.98,high,low,10,namecheap,,,24/09/2026 14:50
b972dfe6-5039-4076-822e-15322ae7c66d,multiply.trading,available,21.98,27.98,high,low,8,namecheap,,,15/09/2026 15:37
a23e491c-afa1-4b42-8c9f-2699fe939d22,hollyhock.trading,available,21.98,27.98,medium,low,9,namecheap,,,18/09/2026 14:54
fba670ec-d7fd-40d6-9e97-0189c4b82012,organized.trading,available,21.98,27.98,high,low,9,namecheap,,,26/09/2026 00:25
bb1e60b4-cdf3-4287-84c3-dc1258e40f95,musician.trading,available,16.76,16.76,high,low,8,spaceship,,,27/09/2026 14:17
feb08e41-fbc4-4e41-935a-bcb05f04ed36,auxiliary.trading,available,19.99,19.99,high,low,9,name.com,,,
1e4af3b5-bf94-47d1-9bbd-4e15936703a9,argonauta.trading,available,21.98,27.98,medium,low,9,namecheap,,,20/09/2026 04:32
29e3147a-06e1-42c3-85cd-726dfeb235bd,deathless.trading,available,19.99,19.99,medium,low,9,name.com,,,13/08/2026 20:02
d9ae0c6c-375b-4207-a20d-0fd63e334e3e,demode.trading,available,19.99,19.99,medium,low,6,name.com,,,14/08/2026 01:13
3cbb3cdd-54c5-4890-8969-e25546668eae,ambivalence.trading,available,19.99,,high,low,11,name.com,,,
75ec1d01-5cfb-4ae0-a92f-5a0e4240f670,alpenstock.trading,available,21.98,27.98,medium,low,10,namecheap,,,18/09/2026 13:32
2f16064c-9e0e-4bf9-8ce8-04e75283ac3b,austere.trading,available,21.98,27.98,medium,low,7,namecheap,,,22/09/2026 13:15
599abdef-5e35-4ff6-a710-a1fc8e854d15,better.trading,premium,1300,1300,high,medium,6,namecheap,,,22/09/2026 20:11
f7ddec7c-eaf5-4417-8b28-1bbb63e51dad,barley.trading,available,21.98,27.98,high,low,6,namecheap,,,22/09/2026 06:33
387643b9-ca00-4e47-ad87-f40cd35bd6bb,charges.trading,available,21.98,27.98,medium,low,7,namecheap,,,25/09/2026 18:37
ba6aa392-341e-4a92-b021-d4ce50409275,cummings.trading,available,21.98,27.98,medium,low,8,namecheap,,,25/09/2026 04:27
9900987f-553e-4f68-bb65-662fdd810144,able.trading,available,21.98,27.98,high,low,4,namecheap,,,21/09/2026 13:57
021fa87c-ae9c-4042-b487-9d667addafd6,cute.trading,available,21.98,27.98,high,low,4,namecheap,,,24/09/2026 03:46
8a55cf10-caef-4b49-af40-3d0d1c1501e0,adamant.trading,available,19.99,19.99,high,low,7,name.com,,,
3a60514e-248c-483a-bdd9-a3be5dc66f42,peking.trading,available,21.98,27.98,high,low,6,namecheap,,,23/09/2026 04:13
084b3b6a-48a3-4174-9511-0e1b0688c314,conflicted.trading,available,19.99,,medium,low,10,name.com,,,
e4215d90-2e0b-45ad-8834-de1ea121d3c4,rugged.trading,available,19.99,19.99,high,low,6,name.com,,,18/08/2026 18:56
19b63333-7c15-4f98-80f5-7c18d7fa64c2,touchable.trading,available,21.98,27.98,high,low,9,namecheap,,,11/09/2026 07:57
cb143f6a-9889-4a46-b5c5-85af97939d32,prices.trading,available,19.99,,medium,low,6,name.com,,,
84c99411-8a06-4c51-af03-5d4b80fd4b08,broadway.trading,available,21.98,27.98,high,low,8,namecheap,,,24/09/2026 10:38
6ca61f84-5fb0-4ed2-ad16-afca76ebb26c,order.trading,available,19.99,19.99,high,medium,5,name.com,,,23/09/2026 20:44
5e37227b-ff2a-4c12-ac7d-11dbfa6ee817,involves.trading,available,21.98,27.98,medium,low,8,namecheap,,,19/09/2026 23:56
7093fd04-daca-4a16-b999-88b45f57d1d2,trivalent.trading,available,21.98,27.98,medium,low,9,namecheap,,,11/09/2026 20:13
1378a049-8dab-4e9c-b73b-1734a3a52214,witness.trading,available,21.98,27.98,high,low,7,namecheap,,,21/09/2026 01:35
1362f053-a517-410c-bde4-9712ef53b89f,mute.trading,available,19.99,19.99,high,low,4,name.com,,,13/08/2026 16:51
c9c134f2-c268-4acd-90c4-eaab732a3db8,gainly.trading,available,19.99,19.99,medium,low,6,name.com,,,18/08/2026 19:33
2003d5e2-d9c0-462c-b6cb-e02c3830f32a,bmr.trading,available,21.98,27.98,high,low,3,namecheap,,,22/09/2026 09:49
0985a4e0-d088-4427-96e3-b0317a561d61,january.trading,available,19.99,,high,low,7,name.com,,,
80d0f49f-43ce-439e-9a98-905b4a68b004,father.trading,available,19.99,,high,low,6,name.com,,,
8fdd7e55-99a5-4789-8a0e-d7b069ec92b9,modernity.trading,available,21.98,27.98,high,low,9,namecheap,,,24/09/2026 17:40
848c5b20-37e8-475b-b31a-c95788928978,zany.trading,available,19.99,19.99,high,low,4,name.com,,,11/08/2026 08:04
a6011379-1b60-4909-80c6-543781e5562e,barbarous.trading,available,19.99,19.99,medium,low,9,name.com,,,08/08/2026 15:40
3b747848-2cf8-46cc-ae29-cf9405491b84,speculate.trading,available,19.99,,high,low,9,name.com,,,
aba3a589-f65e-4e87-b08b-5b932e328e24,hercules.trading,available,19.99,,high,low,8,name.com,,,
d2299f0f-41fb-4a3c-9aa1-676326c9a9a2,biltong.trading,available,21.98,27.98,medium,low,7,namecheap,,,23/09/2026 16:53
c4071a1b-2f53-48ff-bbe0-f897040e9ef0,tangential.trading,available,19.99,19.99,medium,low,10,name.com,,,14/08/2026 07:29
dd38dcee-1db4-4add-a5b9-ad79516d673d,boots.trading,available,19.99,,high,low,5,name.com,,,
3006541e-82b7-47d9-a454-bd220c292096,cons.trading,available,19.99,,high,low,4,name.com,,,
158080c8-8910-4d2b-a8ce-fede19ef7194,bottle.trading,available,21.98,27.98,high,low,6,namecheap,,,24/09/2026 07:30
0024b804-c956-4c91-aff1-f6275362793f,chequered.trading,available,19.99,19.99,medium,low,9,name.com,,,12/08/2026 03:40
26f3d816-8e5f-401b-b0d4-8a82b28c6831,nonlinear.trading,available,19.99,19.99,high,low,9,name.com,,,03/09/2026 19:44
1bead50e-afc4-404d-b562-4c259dc97a9e,ungraded.trading,available,19.99,19.99,medium,low,8,name.com,,,14/08/2026 09:06
40f3c7d4-fb23-4376-a71d-ed87f5ba1d4e,autogyro.trading,available,21.98,27.98,medium,low,8,namecheap,,,21/09/2026 06:23
6e8b3d2b-ffb6-46c1-b1c9-c805ef7fab51,rae.trading,available,21.98,27.98,medium,low,3,namecheap,,,27/09/2026 01:43
f8838c94-1715-4913-b15d-2839f15f7b46,occur.trading,available,19.99,,high,low,5,name.com,,,
0fc424d3-7917-4f28-bb8b-6e98ecad1170,zilch.trading,available,21.98,27.98,medium,low,5,namecheap,,,03/09/2026 22:42
0c3f205e-80a8-440d-bf7c-b58d331146b2,capitalism.trading,available,19.99,,high,low,10,name.com,,,
8e1f4f89-5179-49f6-b0d1-9cbe04b0021c,placed.trading,available,21.98,27.98,high,low,6,namecheap,,,25/09/2026 14:13
655351dd-6373-4578-94d1-dc9436b8fa20,cbc.trading,available,21.98,27.98,high,low,3,namecheap,,,28/09/2026 00:59
ed0ab168-4781-49a5-a2df-6c86e9619789,visit.trading,available,21.98,27.98,high,low,5,namecheap,,,24/09/2026 13:53
2006e41c-338b-4c99-8ae4-50f73b5e4716,lvi.trading,available,19.99,19.99,medium,low,3,name.com,,,
97092b7a-1dea-4930-be1d-17692c48be25,abused.trading,available,19.99,19.99,high,low,6,name.com,,,
4085de18-21f8-4460-a5bd-65256343f9b5,truant.trading,available,19.99,19.99,high,low,6,name.com,,,08/08/2026 01:41
1a52b9dc-7fb0-483e-b786-b1f640ff6989,barrow.trading,available,21.98,27.98,medium,low,6,namecheap,,,22/09/2026 08:41
12b36a53-d9ba-4742-8126-163b7effe920,prink.trading,available,21.98,27.98,medium,low,5,namecheap,,,21/09/2026 02:05
7d544568-6643-47e4-bcd6-1e784667b827,waggish.trading,available,19.99,19.99,medium,low,7,name.com,,,13/09/2026 07:38
122943fd-438e-4f3a-88a1-31343e38ffd3,seawards.trading,available,21.98,27.98,medium,low,8,namecheap,,,10/09/2026 01:02
7e9cb287-6ee0-43fc-9cd7-ccc2708cf097,anteater.trading,available,21.98,27.98,high,low,8,namecheap,,,16/09/2026 13:25
03085cdd-530e-44a0-8741-a9b194e0a787,ostracize.trading,available,21.98,27.98,medium,low,9,namecheap,,,24/09/2026 01:58
a4602e56-0743-4585-9bb4-d5125c023a0e,massively.trading,available,21.98,27.98,medium,low,9,namecheap,,,15/09/2026 13:35
2e23695c-1bcb-4df0-a70a-2a961f51b3e3,lucas.trading,available,21.98,27.98,high,medium,5,namecheap,,,25/09/2026 06:28
9ade9768-aa32-4e9f-9a6b-88ee958a7acf,yams.trading,available,21.98,27.98,medium,low,4,namecheap,,,19/09/2026 22:19
24d52aba-cd15-49c5-8471-ea95587bfb3a,brands.trading,premium,260,260,high,low,6,namecheap,,,23/09/2026 07:36
09324446-3d02-447d-8105-1cd60de301bb,airman.trading,available,21.98,27.98,high,low,6,namecheap,,,17/09/2026 13:10
a53e6a08-d7bf-4ae8-9b04-311900b61f11,ducks.trading,available,16.76,16.76,medium,low,5,spaceship,,,27/09/2026 23:17
5b5ecde5-9c0c-4091-9503-96980f8e04ae,boned.trading,available,19.99,19.99,medium,low,5,name.com,,,10/08/2026 18:34
f33a25fe-f144-49b3-bb33-48d7c4024504,astounded.trading,available,21.98,27.98,high,low,9,namecheap,,,22/09/2026 03:42
7efefd4a-e053-4d84-9023-9dcd3226d5f5,bleak.trading,available,19.99,19.99,medium,low,5,name.com,,,08/08/2026 21:02
8b32225b-615d-47fa-9680-24eb8f247285,frugal.trading,available,19.99,19.99,high,low,6,name.com,,,18/08/2026 16:57
d76d715b-89a4-4e7e-8c87-f1f007f21de0,faith.trading,available,19.99,,high,low,5,name.com,,,
6c0e8dda-f44f-488c-bc6d-b75c79ea36f0,malign.trading,available,19.99,19.99,medium,low,6,name.com,,,24/08/2026 13:54
52c90b31-d333-4556-9bfd-af2e993fec51,tux.trading,available,19.99,19.99,high,low,3,name.com,,,24/09/2026 01:52
b391e120-8c23-47e8-92ba-b571f0a712dd,version.trading,available,19.99,,high,low,7,name.com,,,
353f2e20-9c07-4eae-86bf-c74b6cf96cb6,cambridge.trading,available,21.98,27.98,high,low,9,namecheap,,,24/09/2026 11:51
59573479-2292-40e8-acc6-a388136d094c,barrelfish.trading,available,21.98,27.98,medium,low,10,namecheap,,,22/09/2026 08:20
d06f90ac-9482-4c74-bc87-7b21a5d1abb5,agrarian.trading,available,19.99,19.99,high,low,8,name.com,,,
8e3bc548-9f26-49de-92ee-f2b6087c049b,perfume.trading,premium,520,520,high,low,7,namecheap,,,27/09/2026 04:02
8457388d-fcf4-4e47-a005-765c56c94cbf,literate.trading,available,19.99,19.99,high,low,8,name.com,,,24/08/2026 07:26
df2ade40-d6e5-4067-8254-ee1c13785c21,slot.trading,available,19.99,,high,low,4,name.com,,,
66ea066d-7114-4df2-9c1a-71a821c2bf83,freak.trading,available,21.98,27.98,high,low,5,namecheap,,,17/09/2026 06:50
2b3f7a23-dce7-4034-b2aa-273b113fa6e3,cleavage.trading,available,21.98,27.98,high,low,8,namecheap,,,24/09/2026 15:29
1a5f0fc6-66a1-4515-9de2-c9eebbfae528,boone.trading,available,21.98,27.98,high,low,5,namecheap,,,25/09/2026 01:56
70974c99-989b-429d-b9e5-66fc2fb9783c,constant.trading,available,19.99,19.99,high,low,8,name.com,,,11/08/2026 23:02
204f8aa2-b1f4-4f99-bcfe-df8b57260b2c,velocity.trading,premium,1250,,high,low,8,name.com,,,
ceae1dbb-9a37-4a1f-8c48-d8d1807ae2e7,cannes.trading,available,19.99,19.99,high,low,6,name.com,,,24/09/2026 12:04
f4b9b316-62eb-4037-b541-cd88fd712453,estado.trading,available,19.99,,high,low,6,name.com,,,
e50fe31c-2838-4932-95f2-9a1fb3d904c3,polluted.trading,available,21.98,27.98,medium,low,8,namecheap,,,08/09/2026 23:08
0d30224e-5fa5-4d0b-b4a4-f72667da3fbd,basileus.trading,available,21.98,27.98,medium,low,8,namecheap,,,22/09/2026 10:47
fd2c6293-9d1e-473c-877f-a76ec58e307a,enclosed.trading,available,19.99,19.99,high,low,8,name.com,,,16/08/2026 22:21
66fc5a17-19d7-475b-b942-97a285426b49,instore.trading,available,19.99,,high,low,8,name.com,,,
15f36e87-89e1-42da-9554-3fd6bfb1b32e,arrester.trading,available,21.98,27.98,medium,low,8,namecheap,,,20/09/2026 09:09
e92e6b46-e047-46f3-bf10-ea73a5358c88,shakespeare.trading,available,19.99,,high,low,11,name.com,,,
d1062cd2-9ebc-4a70-95a7-ee7c3ffcf62d,indifferent.trading,available,19.99,,high,low,11,name.com,,,
749eecec-42ff-469b-a871-d7d88ddfd803,boozy.trading,available,19.99,19.99,low,low,5,name.com,,,09/08/2026 19:00
512bbddf-533e-484e-b8b0-c75d3fcbfd85,league.trading,premium,250,,high,low,6,name.com,,,
f17f3dbf-d505-4f69-81bf-40b01e05aeca,antipathy.trading,available,21.98,27.98,medium,low,9,namecheap,,,19/09/2026 14:53
fdd2aa7d-56b5-43b3-9f9a-c532d1641f05,ascendence.trading,available,19.99,19.99,medium,low,10,name.com,,,20/09/2026 13:04
3531ee37-5833-49a2-9cc9-e5298c530ec5,sauciness.trading,available,21.98,27.98,medium,low,9,namecheap,,,20/09/2026 02:25
908ea37c-e1bd-4e56-ab07-b28d0773e088,reason.trading,available,21.98,27.98,high,low,6,namecheap,,,25/09/2026 10:15
511c9780-e2ac-4eb8-90d3-6eb5050193a2,thirdhand.trading,available,21.98,27.98,medium,low,9,namecheap,,,11/09/2026 13:59
89500fc1-f84f-49e6-bb2d-5f43b19f792e,agama.trading,available,19.99,19.99,medium,low,5,name.com,,,17/09/2026 16:05
49fbf0e0-e5e2-4a87-8c06-5443bc138a0d,wifelike.trading,available,21.98,27.98,medium,low,8,namecheap,,,13/09/2026 00:29
4b958124-0654-4b7b-ad7f-057b77eff9fa,angelical.trading,available,21.98,27.98,medium,low,9,namecheap,,,22/09/2026 04:27
901456d6-49db-43fd-8f45-756cf02fa7cd,epos.trading,available,19.99,19.99,high,low,4,name.com,,,17/08/2026 10:28
258f7cc9-f905-4dd4-afd7-7612d0e6df9b,millions.trading,available,21.98,27.98,medium,low,8,namecheap,,,25/09/2026 20:31
c2aa8928-1404-4b2e-a330-bccaa8d10342,anti.trading,available,19.99,19.99,high,low,4,name.com,,,
d5727768-532f-4548-9392-0cf8ad412622,someday.trading,available,21.98,27.98,high,low,7,namecheap,,,16/09/2026 04:13
c5f5ad1a-cc35-4d60-a4ca-1b51388b9682,awning.trading,available,21.98,27.98,high,low,6,namecheap,,,21/09/2026 10:12
96aa4abc-6b22-46d1-af6b-504cadd22d2b,alhazen.trading,available,21.98,27.98,medium,low,7,namecheap,,,18/09/2026 00:42
ce950c6a-a661-4b18-a9fa-4b911f6a5d9b,lithic.trading,available,19.99,19.99,medium,low,6,name.com,,,24/08/2026 07:28
0bdb7e21-d272-4a6e-9b72-01bf53066595,demoted.trading,available,21.98,27.98,low,low,7,namecheap,,,21/09/2026 05:02
43505c21-ad07-44f4-b374-c1dd5fb3593f,unhindered.trading,available,21.98,27.98,medium,low,10,namecheap,,,12/09/2026 11:55
11ded4b9-91b7-47bf-bff9-bf08cebc3acd,sublimed.trading,available,21.98,27.98,medium,low,8,namecheap,,,11/09/2026 00:03
21ab9f3b-d790-4b7d-b377-eb77b3a27938,characteristics.trading,available,19.99,,medium,low,15,name.com,,,
d7c43af2-c723-4e71-aa9f-fd0c5681135d,africa.trading,premium,520,520,high,medium,6,namecheap,,,17/09/2026 15:15
21bfb2c3-8fae-4279-8baa-888b3dba51d7,altered.trading,available,19.99,19.99,high,low,7,name.com,,,
4363d9b8-3d92-4e72-a427-f5ef0d6135cb,ringer.trading,available,21.98,27.98,high,low,6,namecheap,,,23/09/2026 05:42
9945c725-2aa2-43b0-b457-6a94f42706c0,lisboa.trading,available,19.99,,high,low,6,name.com,,,
05fc92b0-d04e-4cc6-a1b5-a4ce3150a09f,heralded.trading,available,19.99,19.99,medium,low,8,name.com,,,21/08/2026 06:51
ef8c1b6e-8534-4137-9131-e65dcbb2890c,climactic.trading,available,19.99,19.99,high,low,9,name.com,,,12/08/2026 10:55
750ec670-8a20-4ae1-aa2c-3b987d71a40f,ahura.trading,available,21.98,27.98,medium,low,5,namecheap,,,17/09/2026 20:40
c9cce0b1-af00-40a5-9ec6-be61b4539608,massage.trading,available,19.99,,high,low,7,name.com,,,
f867d945-a77a-49a0-9aad-091b313bd31e,birthrate.trading,available,21.98,27.98,medium,low,9,namecheap,,,23/09/2026 20:56
6a62ade9-35e4-43c7-9ec8-416da7701437,possessive.trading,available,19.99,19.99,medium,low,10,name.com,,,18/08/2026 21:44
15e9ab5f-762c-498c-93f8-8b463499f0db,runny.trading,available,21.98,27.98,medium,low,5,namecheap,,,09/09/2026 19:37
68f8b22c-f863-438e-8949-153f737de3db,leprous.trading,available,19.99,19.99,medium,low,7,name.com,,,23/08/2026 00:12
dce3fe06-d290-490f-a3cc-4cbae8a9ab40,streetcleaner.trading,available,19.99,,low,low,14,name.com,,,
ef8d93ba-4e70-4e08-aaa4-692de67380ba,spend.trading,available,19.99,,high,low,5,name.com,,,
52a0337c-ea67-4386-abe8-ce5a2d9618fc,sacks.trading,available,21.98,27.98,medium,low,5,namecheap,,,20/09/2026 18:55
23756849-3387-4847-9111-53e571818cb9,tapered.trading,available,21.98,27.98,medium,low,7,namecheap,,,03/09/2026 13:29
e60d62e6-6ed3-44a5-bec4-43ec8bfe18ea,lodged.trading,available,21.98,27.98,medium,low,6,namecheap,,,18/09/2026 14:44
9fdfd462-53e6-41e8-9bf2-f820332f957f,tethered.trading,available,21.98,27.98,medium,low,8,namecheap,,,11/09/2026 12:10
2e38fb55-7b83-402a-8eec-2878983909a2,chairs.trading,available,21.98,27.98,medium,low,6,namecheap,,,17/09/2026 18:32
09d27105-725b-4b3a-a5fb-12a96960bf53,gizmo.trading,available,21.98,27.98,high,low,5,namecheap,,,19/09/2026 21:49
5b82687f-ee80-4f9f-b3f3-36e588b97bc9,sonsie.trading,available,19.99,19.99,medium,low,6,name.com,,,10/08/2026 20:34
11821def-7dd0-469b-83a3-b9b76bb223c9,brit.trading,available,19.99,19.99,high,low,4,name.com,,,11/08/2026 04:52
6dcb9165-7330-4129-b784-ffccf5af68e5,adiabatic.trading,available,19.99,19.99,medium,low,9,name.com,,,
aaae47f7-7aa7-4db4-9a62-63eb305912da,allocation.trading,available,21.98,27.98,high,low,10,namecheap,,,18/09/2026 11:47
eef3519e-4b49-4bce-8e40-2490d259e7bf,beholder.trading,available,21.98,27.98,high,low,8,namecheap,,,08/09/2026 16:20
576c0b30-4083-4f36-bb1d-6ef5d2638f4a,alar.trading,available,19.99,19.99,medium,low,4,name.com,,,
7deea2be-9d28-4b96-8e9f-3a7b465dcda6,corresponding.trading,available,19.99,,medium,low,13,name.com,,,
5f206f41-8c33-4520-bf5c-34e508f209d8,safe.trading,premium,1035.2,1035.2,high,medium,4,spaceship,,,27/09/2026 17:44
a2c672ce-4eb1-406a-b61f-3d7095c20b3f,worsening.trading,available,19.99,,medium,low,9,name.com,,,
9341e70a-ef9d-4f7a-9b2b-dfefa76bc02c,cryptic.trading,available,19.99,19.99,high,low,7,name.com,,,11/08/2026 12:17
6370408c-b4c8-4949-bb7c-0212e3db3e48,complete.trading,available,21.98,27.98,high,low,8,namecheap,,,19/09/2026 19:02
4d63f56e-ed63-4feb-a3fd-d98dddfc5fa9,serially.trading,available,21.98,27.98,medium,low,8,namecheap,,,16/09/2026 01:08
48f7525f-ecd1-496b-b75e-8e49daa57cf7,adopted.trading,available,19.99,19.99,high,low,7,name.com,,,
0e1cad9d-292e-43c0-871b-b962fa8856f3,nebulously.trading,available,21.98,27.98,low,low,10,namecheap,,,15/09/2026 16:18
d67dc897-0684-41a9-aa95-bd37c5c8bd12,weighted.trading,available,21.98,27.98,high,low,8,namecheap,,,13/09/2026 10:08
b5bee56f-6e1f-4d2d-be0c-874069c57152,serb.trading,available,21.98,27.98,high,low,4,namecheap,,,10/09/2026 04:35
88913bc4-79a7-4767-9846-da9dbe7d9cfd,immunized.trading,available,19.99,19.99,medium,low,9,name.com,,,21/08/2026 21:30
f16a0e65-ffb6-4c3c-8207-b28baa6a1a46,cunning.trading,available,21.98,27.98,medium,low,7,namecheap,,,24/09/2026 01:26
434be8b3-219c-42fb-bb66-a34ee05db2cc,aleve.trading,available,21.98,27.98,medium,low,5,namecheap,,,17/09/2026 15:07
b4b684f9-066d-464c-b409-8c602bf2da49,basilica.trading,available,19.99,19.99,medium,low,8,name.com,,,22/09/2026 10:49
d1cd0961-7bae-4a3c-beb3-5044b0e4a84a,massages.trading,available,21.98,27.98,medium,low,8,namecheap,,,20/09/2026 09:22
5f4251a8-d178-4edd-9eb2-c450106634d2,certainty.trading,available,19.99,19.99,high,low,9,name.com,,,24/09/2026 13:39
dda5e933-f735-4c20-bc70-32f7689620a9,reddish.trading,available,21.98,27.98,high,low,7,namecheap,,,19/09/2026 03:49
e897d69e-3a40-4c34-a73f-28894d4c2bf0,tocsin.trading,available,21.98,27.98,medium,low,6,namecheap,,,18/09/2026 01:57
6681a9a8-87b7-4fad-9967-b1656bfce153,advised.trading,available,21.98,27.98,high,low,7,namecheap,,,23/09/2026 07:10
7121d9b7-e7f7-4e76-b72d-11af3ae1f02b,fagot.trading,available,21.98,27.98,medium,low,5,namecheap,,,09/09/2026 07:59
6023ebc1-f540-4815-90f0-7bf26ae9ef51,weatherly.trading,available,21.98,27.98,medium,low,9,namecheap,,,13/09/2026 09:23
1721a41d-42f5-445e-b5a1-2c6e10404c72,aesthetic.trading,available,21.98,27.98,high,low,9,namecheap,,,21/09/2026 21:10
11668933-111f-4018-8fff-36e631c80c1a,briny.trading,available,19.99,19.99,medium,low,5,name.com,,,11/08/2026 04:25
91f52c18-ab5c-4747-945a-deebb5140931,aesthetics.trading,available,21.98,27.98,high,low,10,namecheap,,,17/09/2026 13:37
ab4f34a2-b424-4483-9038-0d6cffb06d57,burly.trading,available,19.99,19.99,medium,low,5,name.com,,,09/08/2026 07:54
fbada70f-014d-43ab-8418-0bde64ade59f,reveals.trading,available,21.98,27.98,medium,low,7,namecheap,,,20/09/2026 06:30
6f81615c-9564-4443-914b-941c253a6806,soulful.trading,available,21.98,27.98,high,low,7,namecheap,,,10/09/2026 14:42
0150ede9-dff8-4484-8d9a-11e3903d39fb,reachable.trading,available,21.98,27.98,high,low,9,namecheap,,,09/09/2026 10:55
fb2638f8-53b3-4fdd-9caf-4bcb3ecc0cd0,shortages.trading,available,21.98,27.98,medium,low,9,namecheap,,,21/09/2026 03:14
0ef853b9-d5ac-4905-b165-980056c52322,arca.trading,available,,,high,low,4,,,,20/09/2026 01:31
78a658df-ad43-4840-8bb8-296dcaa2d47c,skintight.trading,available,21.98,27.98,medium,low,9,namecheap,,,10/09/2026 09:40
b245d9fc-e46d-4b99-8db3-f5c882a7ae93,earthbound.trading,available,19.99,19.99,medium,low,10,name.com,,,14/08/2026 22:37
088fd5b1-00c4-4302-bc58-99aafaf692d7,tref.trading,available,21.98,27.98,medium,low,4,namecheap,,,03/09/2026 19:37
6471510a-790d-44e8-8776-6cb99eab018c,technologies.trading,available,21.98,27.98,high,low,12,namecheap,,,28/09/2026 03:08
8ded46e4-36ae-4589-bf27-a98bebd34344,collateral.trading,available,19.99,19.99,high,low,10,name.com,,,12/08/2026 16:42
7facf273-6e39-47fb-acda-b2fe51bec3e8,federate.trading,available,19.99,19.99,high,low,8,name.com,,,18/08/2026 00:36
a0db0133-9d0e-46ad-8172-bccdf8678d72,lied.trading,available,19.99,19.99,high,low,4,name.com,,,25/09/2026 08:58
9b8f7217-1d3a-4d75-8d36-3e693bc9a646,saloon.trading,available,21.98,27.98,high,low,6,namecheap,,,22/09/2026 03:40
580ab15b-e6af-47af-8601-e184aa94b30c,mega.trading,premium,500,,high,medium,4,name.com,,,
664713c3-1304-4b27-bc8e-c3dd8529999e,backstroke.trading,available,21.98,27.98,high,low,10,namecheap,,,21/09/2026 16:09
0b9ed2a6-d2b1-4dcd-a020-3ff7ac1b2066,credulous.trading,available,19.99,19.99,medium,low,9,name.com,,,13/08/2026 05:56
9627a76a-01cb-4397-9ff6-f0484af7fbef,phocine.trading,available,21.98,27.98,medium,low,7,namecheap,,,08/09/2026 18:58
51c47a11-ba3b-47e2-8d9f-2212c60ef788,bullheaded.trading,available,19.99,19.99,medium,low,10,name.com,,,11/08/2026 08:30
77b2fff5-a2f3-4d3d-9da4-8ea0aebf6c8b,randoms.trading,available,21.98,27.98,low,low,7,namecheap,,,19/09/2026 22:13
0dafd857-7191-45d1-9baa-b141f264a1c9,anamorphic.trading,available,19.99,19.99,medium,low,10,name.com,,,
f81debff-a1be-4b9d-91f2-646a083eb578,balletic.trading,available,19.99,19.99,medium,low,8,name.com,,,08/08/2026 10:26
fd7c2238-b238-4efd-9efa-81beba4f1a3c,audiometry.trading,available,21.98,27.98,medium,low,10,namecheap,,,21/09/2026 02:58
e9a0db66-7c95-4aec-8610-5fbfe2a5b527,fairness.trading,available,21.98,27.98,high,low,8,namecheap,,,22/09/2026 22:20
3711169d-2439-4717-8b4b-dc5c37fb1041,competence.trading,available,21.98,27.98,high,low,10,namecheap,,,24/09/2026 16:46
c666e4f5-b244-493d-812e-afcbba62234f,textbook.trading,available,21.98,27.98,high,low,8,namecheap,,,23/09/2026 13:09
e04097b2-522c-4e44-aec7-5c971db8f8e8,minute.trading,premium,260,260,high,low,6,namecheap,,,25/09/2026 09:28
0a028270-9b4e-4937-8bf2-379e5536f275,mourning.trading,available,19.99,19.99,medium,low,8,name.com,,,25/08/2026 08:38
9e6b8bc5-99c1-42a1-b0c9-00c0376c614c,taboo.trading,available,19.99,19.99,high,low,5,name.com,,,18/08/2026 11:03
3837c357-5cee-4f59-a23b-8dbb241a9b5e,switches.trading,available,21.98,27.98,medium,low,8,namecheap,,,16/09/2026 23:57
4568da05-b923-41cc-9b82-1fe4917352e7,center.trading,premium,520,520,high,low,6,namecheap,,,23/09/2026 13:19
56b88ab4-1c85-4561-ad3a-fedb7d745a09,handled.trading,available,19.99,19.99,high,low,7,name.com,,,20/08/2026 23:28
dc596c9d-e08a-4b76-8ade-b16c98ef9a86,overrated.trading,available,21.98,27.98,medium,low,10,namecheap,,,18/09/2026 11:36
caf0cb2d-cdc9-4a79-827d-ad6dec81d5f7,peptic.trading,available,21.98,27.98,medium,low,6,namecheap,,,08/09/2026 15:53
bb609005-520a-4ce0-abb5-7836c22685f8,theocratic.trading,available,21.98,27.98,medium,low,10,namecheap,,,11/09/2026 12:52
db1d3570-d73c-4078-800d-66afec599d5d,disruption.trading,available,21.98,27.98,high,low,10,namecheap,,,24/09/2026 16:35
75b2289e-c03e-4ab7-92e1-ed43f995d73d,purr.trading,available,21.98,27.98,high,low,4,namecheap,,,23/09/2026 20:53
2d426649-727d-4eff-bbc2-9fd04a4ee6f9,endoscopic.trading,available,19.99,19.99,medium,low,10,name.com,,,17/08/2026 01:19
1477f863-9509-4543-80e5-7e1b38dc169a,belted.trading,available,19.99,19.99,medium,low,6,name.com,,,09/08/2026 14:02
9802874a-43b0-4f5f-b3ce-947ddff4838c,fee.trading,available,19.99,,high,low,3,name.com,,,
71dd8846-37e1-43ba-9be8-261c5f7416af,footwear.trading,available,21.98,27.98,high,low,8,namecheap,,,24/09/2026 02:34
3c3f012a-04d8-4585-8e82-e6f5dadac89f,arsehole.trading,available,21.98,27.98,medium,low,8,namecheap,,,20/09/2026 09:34
c4c55096-0cd9-45d2-9881-55a698495a35,altar.trading,available,19.99,19.99,high,low,5,name.com,,,18/09/2026 14:32
b6544044-e671-48cb-9d11-2ed336a34b93,heartleaf.trading,available,21.98,27.98,medium,low,9,namecheap,,,20/09/2026 12:53
15c9045c-9039-4071-bd7d-b72a4b8acbb1,padded.trading,available,19.99,19.99,high,low,6,name.com,,,13/08/2026 11:57
c5c7adad-3902-438f-989d-f2bc3c0171d6,bedpost.trading,available,21.98,27.98,high,low,7,namecheap,,,22/09/2026 23:29
76254c03-6ad6-45b3-bedf-1b4937fbec92,vietnamese.trading,available,21.98,27.98,high,low,10,namecheap,,,13/09/2026 05:32
26f06b43-cba9-49ae-a9cd-0339650924ec,authorized.trading,available,21.98,27.98,high,low,10,namecheap,,,22/09/2026 13:48
5a335933-dede-4d2c-9d6e-56208314f3e3,convivial.trading,available,19.99,19.99,high,low,9,name.com,,,12/08/2026 23:53
017108e7-1489-42b8-857a-a2b7fd28ccdd,delirious.trading,available,19.99,19.99,medium,low,9,name.com,,,14/08/2026 00:44
931f6b78-bd44-4761-accc-141c5381447e,yankee.trading,available,21.98,27.98,high,low,6,namecheap,,,13/09/2026 14:12
556b55d1-c1b4-4458-8b11-8894fb6b0882,bounden.trading,available,19.99,19.99,medium,low,7,name.com,,,10/08/2026 21:56
21d76a4d-b068-4e16-822e-35b61bf90e55,baldness.trading,available,21.98,27.98,medium,low,8,namecheap,,,21/09/2026 21:44
a7e008bd-26f3-405a-a185-7da58375f777,completed.trading,available,21.98,27.98,high,low,9,namecheap,,,23/09/2026 17:22
77969791-2f05-424d-afe4-f9df7adc4140,allen.trading,available,21.98,27.98,high,low,5,namecheap,,,18/09/2026 10:46
3f173aaa-3020-4eb3-9a89-65d9d08aac1d,well.trading,available,21.98,27.98,high,low,4,namecheap,,,24/09/2026 22:39
12d5e8b4-c728-4c29-bb48-5d35736cc82f,palpebrate.trading,available,21.98,27.98,medium,low,10,namecheap,,,05/09/2026 00:15
f43de34d-14a6-49fc-834c-4ab2dd6d81c9,combative.trading,available,19.99,19.99,medium,low,9,name.com,,,
a901a9f2-c3a0-4196-a3c9-0d85529a821b,insured.trading,available,19.99,19.99,high,low,7,name.com,,,22/08/2026 07:42
d9ade300-1577-470f-9a9e-e0ea748b5d29,rand.trading,premium,85.8,85.8,high,low,4,namecheap,,,21/09/2026 10:39
35963d5d-f513-4c03-9f61-a7e5cb22ddeb,cheerful.trading,available,19.99,19.99,high,low,8,name.com,,,12/08/2026 03:41
82c37a15-0e40-42d2-8e82-7098ac37873e,introducing.trading,available,21.98,27.98,medium,low,11,namecheap,,,17/09/2026 20:59
8ad807bf-e790-4737-8858-54a63b5e92be,noble.trading,available,19.99,19.99,high,low,5,name.com,,,08/08/2026 20:18
1df063f1-f15c-4a23-b157-67948d6716e2,mongoloid.trading,available,19.99,19.99,medium,low,9,name.com,,,25/08/2026 04:49
401885b5-ff2d-4aa5-ad3c-da68a47fb02f,bawdyhouse.trading,available,21.98,27.98,medium,low,10,namecheap,,,21/09/2026 18:21
a6a9da3e-f9a3-48e1-a5ab-3d3a9a0890d5,creaky.trading,available,19.99,19.99,medium,low,6,name.com,,,06/08/2026 22:59
21d4dd36-898f-4df5-9c10-011c6a5bdcec,platoon.trading,available,16.76,16.76,high,low,7,spaceship,,,27/09/2026 15:14
b99bd146-fd24-4d3d-9265-07758683a7c6,bass.trading,available,21.98,27.98,high,low,4,namecheap,,,22/09/2026 18:00
715ca7a1-b797-4e4b-9cdf-98e31db35562,ponderous.trading,available,19.99,19.99,medium,low,9,name.com,,,24/08/2026 11:10
cb58ef81-812e-4f1a-9ffc-0bebd6bb8b9e,selfaware.trading,available,21.98,27.98,medium,low,10,namecheap,,,10/09/2026 02:00
0b8d4564-3f29-4c04-93b7-18419069851b,complainer.trading,available,21.98,27.98,medium,low,10,namecheap,,,23/09/2026 06:45
b4e4b3bd-7baa-4acd-8321-42252de144df,aerobiotic.trading,available,19.99,19.99,medium,low,10,name.com,,,
ec4431d7-0a4f-4141-9d4b-dea9a21740d7,johnson.trading,available,21.98,27.98,high,low,7,namecheap,,,19/09/2026 04:46
e0c650c7-01c1-46a2-a1d5-bcb27f7cc0cb,blithesome.trading,available,19.99,19.99,medium,low,10,name.com,,,10/08/2026 14:39
b2bc5d2e-115f-468d-a537-f530679360a4,vic.trading,available,21.98,27.98,high,medium,3,namecheap,,,25/09/2026 12:29
f3cfc1a3-bf2e-4dc1-a89e-fd4fc444eb99,ambrosia.trading,available,21.98,27.98,high,low,8,namecheap,,,18/09/2026 17:26
c3c84af0-b46d-4963-b804-8d048df1b170,swagger.trading,available,19.99,19.99,high,low,7,name.com,,,11/09/2026 04:59
db6a16d9-f39c-4e94-88f7-d9bbf4e3c69c,marblewood.trading,available,21.98,27.98,medium,low,10,namecheap,,,19/09/2026 03:58
a9a48a87-af93-4941-acd8-93adbfb14181,comma.trading,available,21.98,27.98,high,low,5,namecheap,,,24/09/2026 16:27
cf64321a-814a-4849-8dbb-67a108539d5e,kill.trading,available,21.98,27.98,high,low,4,namecheap,,,24/09/2026 11:57
e80252cc-c3d8-4f8b-a157-8f70cdb49eea,pearls.trading,available,21.98,27.98,high,low,6,namecheap,,,23/09/2026 09:03
6b78064d-38d4-4406-878b-102d08d17552,act.trading,available,19.99,,high,low,3,name.com,,,
f2f5d163-9719-43ce-986c-6868aa4cca36,religion.trading,available,19.99,,high,low,8,name.com,,,
053ff92a-6872-4574-bfa3-2c2e906ce569,aquinas.trading,available,21.98,27.98,medium,low,7,namecheap,,,19/09/2026 23:16
787c2813-40ac-41a6-983a-b2840acaadd2,seeping.trading,available,21.98,27.98,medium,low,7,namecheap,,,04/09/2026 15:36
60d05a84-3d56-4738-b319-379c69d43252,decorative.trading,available,19.99,19.99,high,low,10,name.com,,,13/08/2026 02:51
04c92c40-1644-4220-9bb8-809325705f17,aden.trading,available,19.99,19.99,high,low,4,name.com,,,17/09/2026 07:22
6b87d7d6-fee6-4de0-8afd-e0e48e9d7c13,inward.trading,available,19.99,19.99,high,low,6,name.com,,,21/08/2026 23:34
ba38f5be-a06f-4106-8da2-0c9773d3f882,alca.trading,available,21.98,27.98,high,low,4,namecheap,,,18/09/2026 03:36
3a602dd5-436e-4442-af1b-edf281ded348,barrio.trading,available,21.98,27.98,medium,low,6,namecheap,,,22/09/2026 08:38
20b2b9ef-faa2-48bf-9e9b-c5d33f5db2ed,competency.trading,available,21.98,27.98,high,low,10,namecheap,,,24/09/2026 16:48
62798a38-6f86-475d-87e9-87c0a9e9b072,bns.trading,available,21.98,27.98,high,low,3,namecheap,,,21/09/2026 14:15
b42a7169-a8b8-4e1c-b797-71725a221026,telescoped.trading,available,21.98,27.98,medium,low,10,namecheap,,,11/09/2026 10:22
44cd94f9-5347-4e64-b33c-c3aa13c1f084,hereby.trading,available,21.98,27.98,medium,low,6,namecheap,,,15/09/2026 00:25
997fb602-5d04-43b3-89a0-5dc196048ab8,glossary.trading,available,19.99,,high,low,8,name.com,,,
07fb8ee3-7c74-4df1-803f-d41267881bd6,westhill.trading,available,19.99,,medium,low,9,name.com,,,
f6334e1d-b78e-44b7-bc27-8c05f2e614c9,humped.trading,available,19.99,19.99,medium,low,6,name.com,,,13/08/2026 07:40
ad809e81-3032-4020-b8bd-a2612b263d49,fleshy.trading,available,19.99,19.99,medium,low,6,name.com,,,18/08/2026 08:02
0308c53e-6542-4944-ba87-ac21f76b0ded,calmly.trading,available,21.98,27.98,high,low,6,namecheap,,,14/09/2026 05:04
45424700-bcc8-439e-a7ba-06c9f939b374,requested.trading,available,16.76,16.76,high,low,9,spaceship,,,27/09/2026 12:02
32303e22-ccc5-4195-beee-9241cf9aad72,mistrust.trading,available,21.98,27.98,high,low,8,namecheap,,,24/09/2026 23:12
ce80b72f-90cd-4b66-bd70-3b10ad63fdc6,stormproof.trading,available,21.98,27.98,medium,low,10,namecheap,,,10/09/2026 21:24
4c0a5bd3-b4c1-4944-a208-b4540ab2e64a,soothing.trading,available,19.99,19.99,high,low,8,name.com,,,07/08/2026 07:40
05d5912c-c342-4fc3-9fa9-18e3815c2bce,katy.trading,available,19.99,,high,low,4,name.com,,,
c50dbcc5-4af2-47f8-aa7e-cf85bfd96f17,alizarine.trading,available,21.98,27.98,medium,low,9,namecheap,,,18/09/2026 08:13
4c599401-b741-4907-84d9-02878ab1a078,anglican.trading,available,19.99,19.99,high,low,8,name.com,,,
ad320a70-1ec1-4979-a7ef-26c2622148a0,exportable.trading,available,19.99,19.99,high,low,10,name.com,,,17/08/2026 18:35
3158de8e-8a4e-40c6-864c-b8d90475b1db,subscribe.trading,available,16.76,16.76,high,low,9,spaceship,,,27/09/2026 22:05
46b19587-ad33-4091-9550-9defbf05dc9f,planner.trading,available,21.98,27.98,high,low,7,namecheap,,,24/09/2026 17:52
b9ab3519-7a1d-43ca-b5bb-f24609c61169,filmy.trading,available,19.99,19.99,high,low,5,name.com,,,12/08/2026 14:28
c0a320d2-3a71-4dcc-b23d-f4a414614443,contorted.trading,available,19.99,19.99,medium,low,9,name.com,,,12/08/2026 23:22
09a8e07d-3e4b-411b-aec3-a7f6b2f25edf,chihuahua.trading,available,21.98,27.98,high,low,9,namecheap,,,24/09/2026 14:33
89d81b90-ac65-44e6-834b-cba137c15112,pharmaceutical.trading,available,21.98,27.98,high,low,14,namecheap,,,19/09/2026 04:12
2335b45f-1977-4fed-bf91-8f9aa7029dbc,aeonium.trading,available,21.98,27.98,medium,low,7,namecheap,,,17/09/2026 12:40
a0a34b6e-fd27-4954-b863-813b6140943b,cockroach.trading,available,21.98,27.98,medium,low,9,namecheap,,,24/09/2026 16:13
55ee38cf-cebc-489d-b6a5-9fcf91e26a8a,cried.trading,available,16.2,16.2,medium,low,5,cloudflare,,,27/09/2026 23:35
4cd21834-c541-446b-ae92-104ea2aca0d2,uranium.trading,available,21.98,27.98,high,low,7,namecheap,,,21/09/2026 00:11
fec74810-5f99-45dc-b3cc-43ac4ade5710,thompson.trading,available,21.98,27.98,high,low,8,namecheap,,,23/09/2026 08:26
bac2024e-2cb4-4601-b0d5-508fa8193933,taupe.trading,available,19.99,19.99,medium,low,5,name.com,,,18/08/2026 19:04
35419d23-fd99-4e67-8816-20b10d89e488,pocketable.trading,available,21.98,27.98,medium,low,10,namecheap,,,08/09/2026 22:20
e093fe5f-5ce6-492b-8f2b-36160248265e,archean.trading,available,19.99,19.99,medium,low,7,name.com,,,06/08/2026 15:05
d2d4c0bf-1e0b-4662-a57d-105003520101,riffle.trading,available,21.98,27.98,medium,low,6,namecheap,,,12/09/2026 08:36
e626d713-ccbf-4321-b5f4-e68dc0c9b3fd,haggard.trading,available,19.99,19.99,medium,low,7,name.com,,,10/08/2026 18:56
76e07ffe-8acf-4188-bcb1-c8c267ad69b8,waver.trading,available,19.99,19.99,medium,low,5,name.com,,,17/08/2026 21:37
28bff924-4ca4-4b63-b342-4f2ed4541b34,pours.trading,available,21.98,27.98,medium,low,5,namecheap,,,18/09/2026 07:35
b399c5db-2673-4724-b871-4d2cf368b44c,traffic.trading,premium,1250,,high,low,7,name.com,,,
6f2b616c-3ee2-4ea7-8726-332d8d75591c,beans.trading,available,19.99,,high,low,5,name.com,,,
e64ca743-a134-4263-92d0-f217046cbe5d,worms.trading,available,16.76,16.76,medium,low,5,spaceship,,,28/09/2026 03:50
d6e45a51-0d82-4149-a56a-333811273e6f,agdistis.trading,available,21.98,27.98,medium,low,8,namecheap,,,17/09/2026 16:43
406352b0-2f0f-47c9-aec2-2450083dedef,ina.trading,available,16.76,16.76,high,low,3,spaceship,,,28/09/2026 04:04
245e1679-4edf-4a6d-9a9e-7d0b72b40066,regularly.trading,available,21.98,27.98,medium,low,9,namecheap,,,15/09/2026 17:25
fc1222df-998e-4c57-8340-870da954a7d9,permitted.trading,available,19.99,,high,low,9,name.com,,,
08d73398-0bd8-45a7-869c-e3b1c7b62529,filled.trading,available,21.98,27.98,high,low,6,namecheap,,,24/09/2026 18:13
be65cd6d-f7c6-4bd7-acd6-e3c806f2fa9f,madness.trading,available,21.98,27.98,high,low,7,namecheap,,,27/09/2026 04:07
acb09f20-75bf-43a2-b0dc-946362437b6b,coquettish.trading,available,19.99,19.99,medium,low,10,name.com,,,13/08/2026 00:44
a4a848a7-d59a-454a-8ca2-4b4535a1041e,hobble.trading,available,19.99,19.99,medium,low,6,name.com,,,23/08/2026 13:26
cb5047ad-7aef-4bdc-a2b8-0e66f1d37231,ducktape.trading,available,21.98,27.98,high,low,9,namecheap,,,27/09/2026 08:55
26205c8b-a7e3-499b-acb2-f9927a84ce1f,involute.trading,available,19.99,19.99,high,low,8,name.com,,,22/08/2026 09:12
d55ad64f-5768-4cfd-9c6e-dd8d730fe403,addiction.trading,available,21.98,27.98,high,low,9,namecheap,,,17/09/2026 06:53
69fe650b-9786-4a53-891a-efa644233b8d,coolness.trading,available,21.98,27.98,high,low,8,namecheap,,,24/09/2026 14:38
1540c9d8-2218-4f75-981c-7b18c2d800e0,mothy.trading,available,19.99,19.99,low,low,5,name.com,,,25/08/2026 07:14
5ed58aed-20d5-4c6f-a0f2-89b2c36a02ef,invite.trading,available,19.99,,high,low,6,name.com,,,
e11d3858-356c-4420-9e0c-c749d1fa6c65,quartet.trading,available,19.99,19.99,high,low,7,name.com,,,
2cc074fa-ec79-4df2-b5c8-81fb0d4cee3d,slideshow.trading,available,19.99,,high,low,10,name.com,,,
989291cc-b2d4-46e1-9a2f-3f1e74e80fed,papal.trading,available,19.99,19.99,medium,low,5,name.com,,,06/08/2026 04:09
823e9b41-e285-4728-9cf6-b1f0ca9ddcb7,sought.trading,available,21.98,27.98,high,low,6,namecheap,,,10/09/2026 14:41
a92438de-44bd-4161-b35f-893b6b7265e3,comte.trading,available,21.98,27.98,high,low,5,namecheap,,,21/09/2026 03:56
04f53857-d7a3-47a5-ac20-daa850acb938,yogurt.trading,available,16.2,16.2,high,low,6,cloudflare,,,28/09/2026 02:43
e6e58fcf-485e-4389-8e89-de4047a91a99,clausal.trading,available,19.99,19.99,medium,low,7,name.com,,,12/08/2026 10:00
2cbc5c6c-2e8e-4849-a3e5-f8568e5b6a2d,audrey.trading,available,21.98,27.98,high,low,6,namecheap,,,25/09/2026 14:38
a2e3f683-490e-4246-859d-38aad39d79b5,reliability.trading,available,21.98,27.98,high,low,11,namecheap,,,28/09/2026 04:00
248bc603-9381-410e-9ae6-0072465759bb,mete.trading,available,19.99,19.99,high,low,4,name.com,,,10/08/2026 19:54
1e2f0dcb-b170-45e6-b670-9525ac284a18,fiber.trading,available,19.99,,high,low,5,name.com,,,
3b7a4335-306e-4646-9b96-017d09092ae9,disappointment.trading,available,19.99,,medium,low,14,name.com,,,
b7b1e3b9-0513-4f99-afc0-eb748c11344b,forces.trading,available,21.98,27.98,high,low,6,namecheap,,,16/09/2026 15:45
ce827092-8354-419a-a0a9-2cc2baacf4dd,plata.trading,available,21.98,27.98,high,low,5,namecheap,,,27/09/2026 02:58
33b69afe-43ff-4b0f-870f-61be717e45bc,nobly.trading,available,21.98,27.98,medium,low,5,namecheap,,,15/09/2026 16:42
f2d3f673-26d6-4c59-8482-580e184804fe,oslo.trading,available,19.99,,high,low,4,name.com,,,
6464d22a-6b9e-419b-b376-135e7d061a9e,giant.trading,premium,520,520,high,low,5,namecheap,,,24/09/2026 13:50
112d7bdf-9026-4fee-91e4-ec7fb986569b,bumper.trading,available,21.98,27.98,high,low,6,namecheap,,,24/09/2026 11:09
19fec054-bfba-4c4c-851f-dfe2f5d42408,swinburne.trading,available,21.98,27.98,medium,low,9,namecheap,,,18/09/2026 07:03
1d07f9a9-cc06-42f0-9d13-96eeae6dcd14,circus.trading,available,19.99,,high,low,6,name.com,,,
bcd67ad5-7c1d-44e7-b1c5-55a068dd32a4,ebook.trading,premium,250,,high,low,6,name.com,,,
31bc33f2-0345-4a30-b213-866d9048b1e6,satisfying.trading,available,21.98,27.98,high,low,10,namecheap,,,27/09/2026 06:53
57506adf-98a6-4a31-a185-a07884f78d82,weeks.trading,available,19.99,,medium,low,5,name.com,,,
94059fbb-84e2-4302-8b12-4d3dc52c20e3,childbirth.trading,available,21.98,27.98,high,low,10,namecheap,,,27/09/2026 06:54
063738f1-5fe7-443f-8971-d9150d905ad2,nominal.trading,available,21.98,27.98,high,low,7,namecheap,,,03/09/2026 18:17
59e575b7-6189-4513-87eb-bc125ac8a869,cleanable.trading,available,19.99,19.99,medium,low,9,name.com,,,12/08/2026 10:19
de2c3e6c-70e7-4344-ab0d-192c2db500cb,norms.trading,available,19.99,,medium,low,5,name.com,,,
289616bc-05a6-41b0-a176-954daa7ede43,ignored.trading,available,19.99,19.99,medium,low,7,name.com,,,21/08/2026 18:34
4c77839f-dd72-4a9e-be29-1c0eda09b6e1,governable.trading,available,19.99,19.99,medium,low,10,name.com,,,12/08/2026 23:44
d50f53db-07c5-455c-ba5a-326d9d75e92e,winning.trading,premium,260,260,high,low,7,namecheap,,,24/09/2026 17:37
0f01521e-cf76-47c9-b837-65b22f9a7afd,rooibos.trading,available,21.98,27.98,medium,low,7,namecheap,,,20/09/2026 14:38
7a6a2193-9961-4366-a9fb-cf3f037a4047,nick.trading,available,16.2,16.2,high,medium,4,cloudflare,,,28/09/2026 02:02
84efa727-e6b0-4ee2-9c0c-85f45ff2484a,capital.trading,premium,1300,1300,high,medium,7,namecheap,,,23/09/2026 07:39
379a750f-acdf-4178-aa98-77ead854d82d,quinn.trading,available,21.98,27.98,high,low,5,namecheap,,,25/09/2026 21:10
2c30af0d-9302-46f7-8a57-81a75e17b2da,vestal.trading,available,21.98,27.98,medium,low,6,namecheap,,,13/09/2026 04:47
b9bf8cf2-bad8-4431-bed8-9b67722547b0,tortious.trading,available,21.98,27.98,medium,low,8,namecheap,,,11/09/2026 17:59
d81c40b8-ff4b-4a89-b9a7-45ccb987b8f5,benevolent.trading,available,19.99,19.99,high,low,10,name.com,,,09/08/2026 14:27
599844b0-00c6-4d4d-896c-1bae8e76edaa,murmur.trading,available,21.98,27.98,high,low,6,namecheap,,,03/09/2026 11:16
65b8d60e-70f5-46b8-9479-bb6388e2743b,agricola.trading,available,21.98,27.98,high,low,8,namecheap,,,17/09/2026 19:19
0b509e7f-a0c1-44ae-9609-3017e51ef20e,disobedience.trading,available,21.98,27.98,medium,low,12,namecheap,,,16/09/2026 12:19
5395c60f-2ba8-413c-b67b-29e285507070,counseling.trading,available,21.98,27.98,high,low,10,namecheap,,,24/09/2026 02:30
0b7561da-5b8b-48af-a7ef-64dade61bd44,burden.trading,available,19.99,,medium,low,6,name.com,,,
e26b49b6-ad6a-4e8b-961e-d1dfbc69c011,draft.trading,available,21.98,27.98,high,low,5,namecheap,,,23/09/2026 16:03
8ba54b94-9c9e-4bf4-aabe-a82f2296c04c,hear.trading,available,19.99,,high,low,4,name.com,,,
cfb71565-b922-49bf-a202-99e329bcf988,skanky.trading,available,19.99,19.99,medium,low,6,name.com,,,14/08/2026 10:49
6ea3faff-d7a0-4e08-b6a6-f106f9245f54,penetration.trading,available,21.98,27.98,medium,low,11,namecheap,,,08/09/2026 15:09
ef70c426-8aa6-4016-a884-056e5dbd1809,kudos.trading,available,19.99,,high,low,5,name.com,,,
b73f67b3-d82a-4b4a-a558-69e3cf4f2436,feelingly.trading,available,21.98,27.98,medium,low,9,namecheap,,,14/09/2026 18:18
7147e345-e3b9-4a3b-87fc-4edd4adb823b,brooklyn.trading,available,21.98,27.98,high,low,8,namecheap,,,24/09/2026 10:45
aff16745-e877-4fcc-8af2-e7d9f781f793,wisent.trading,available,21.98,27.98,medium,low,6,namecheap,,,21/09/2026 04:34